{"stats":{"minecraft:broken":{"minecraft:stone_pickaxe":2,"minecraft:wooden_pickaxe":1},"minecraft:dropped":{"minecraft:lapis_lazuli":3,"majruszsaccessories:swimmer_guide":1,"minecraft:dark_oak_sapling":3,"minecraft:flint":3,"minecraft:cobblestone_stairs":6,"minecraft:emerald":1,"minecraft:dirt":1,"tconstruct:repair_kit":5,"minecraft:gold_nugget":6,"minecraft:gravel":48,"tconstruct:pickaxe":1,"minecraft:stone_axe":1,"minecraft:iron_nugget":1,"minecraft:cobbled_deepslate":1457,"minecraft:obsidian":87,"tconstruct:sky_slime_sapling":1,"minecraft:rotten_flesh":2,"minecraft:oak_planks":62,"minecraft:poppy":2,"minecraft:tipped_arrow":3,"travelersbackpack:white_sleeping_bag":1,"minecraft:acacia_sapling":2,"minecraft:chest":1,"minecraft:arrow":3,"iammusicplayer:cassette_tape":5,"minecraft:crying_obsidian":3,"majruszsaccessories:lucky_rock":1,"minecraft:iron_ingot":1,"minecraft:bread":11,"minecraft:wheat_seeds":2,"majruszsaccessories:discount_voucher":1,"minecraft:poisonous_potato":4,"biomesoplenty:lavender":1,"minecraft:cobblestone":60,"minecraft:copper_ingot":25,"minecraft:stick":10,"minecraft:diorite":14,"minecraft:golden_carrot":9,"tconstruct:sky_slime_grass_seeds":2,"minecraft:iron_shovel":1,"minecraft:redstone":4,"minecraft:tuff":71,"minecraft:stone_shovel":1,"minecraft:clay_ball":100,"minecraft:filled_map":2,"minecraft:mossy_stone_bricks":4,"minecraft:cake":3,"tconstruct:melting_pan":1,"minecraft:golden_leggings":1,"minecraft:oak_sapling":3,"minecraft:wooden_shovel":1,"minecraft:stone_bricks":2,"minecraft:calcite":11},"minecraft:used":{"minecraft:iron_shovel":171,"minecraft:spruce_slab":20,"minecraft:oak_sign":9,"minecraft:ladder":10,"minecraft:chest":35,"tconstruct:sword":65,"iammusicplayer:boombox":6,"minecraft:stripped_spruce_log":2,"minecraft:lava_bucket":1,"minecraft:lantern":3,"biomesoplenty:fir_sapling":4,"minecraft:stone_brick_stairs":92,"minecraft:stone_bricks":22,"minecraft:sweet_berries":37,"minecraft:furnace":8,"tconstruct:plate_chestplate":1,"minecraft:mossy_stone_bricks":4,"minecraft:stone_pickaxe":247,"minecraft:gray_carpet":17,"minecraft:oak_planks":17,"biomesoplenty:maple_planks":182,"minecraft:sugar_cane":15,"minecraft:wooden_pickaxe":42,"minecraft:composter":3,"biomesoplenty:fir_planks":56,"minecraft:golden_apple":2,"iammusicplayer:music_manager":1,"minecraft:oak_leaves":4,"another_furniture:oak_chair":3,"minecraft:glow_berries":2,"minecraft:blast_furnace":1,"minecraft:shears":4,"waystones:waystone":2,"minecraft:crying_obsidian":2,"minecraft:dark_oak_log":5,"cold_sweat:sewing_table":1,"minecraft:bread":65,"minecraft:lectern":1,"cold_sweat:thermolith":1,"biomesoplenty:red_maple_sapling":4,"simpleplanes:plane_workbench":1,"simpleplanes:large_plane":4,"minecraft:smithing_table":1,"minecraft:andesite":6,"minecraft:oak_boat":1,"minecraft:bone_meal":22,"tconstruct:plate_helmet":1,"minecraft:stone_shovel":1,"minecraft:spruce_planks":6,"minecraft:wooden_shovel":4,"tconstruct:pickaxe":11,"simpletomb:grave_key":3,"minecraft:torch":308,"minecraft:dirt":847,"minecraft:hopper":3,"minecraft:spruce_stairs":77,"tconstruct:hand_axe":421,"minecraft:granite":3,"cold_sweat:icebox":1,"minecraft:barrel":5,"alexscaves:spelunkery_table":1,"tconstruct:pickadze":541,"minecraft:golden_carrot":90,"simpleplanes:cargo_plane":1,"minecraft:cobbled_deepslate":111,"minecraft:water_bucket":40,"minecraft:cobblestone_stairs":10,"tconstruct:plate_leggings":1,"minecraft:mossy_cobblestone":1,"biomesoplenty:fir_slab":59,"minecraft:oak_slab":9,"minecraft:crafting_table":12,"minecraft:white_bed":4,"minecraft:campfire":1,"biomesoplenty:maple_door":2,"minecraft:cake":7,"minecraft:smoker":1,"minecraft:oak_log":4,"minecraft:oak_button":9,"minecraft:iron_pickaxe":188,"minecraft:spruce_trapdoor":11,"tconstruct:plate_boots":1,"minecraft:spruce_sapling":2,"minecraft:golden_leggings":1,"minecraft:stone_axe":46,"minecraft:cobblestone":87,"travelersbackpack:standard":2,"minecraft:cooked_porkchop":8,"minecraft:bucket":44,"minecraft:pumpkin_pie":1,"minecraft:yellow_bed":3,"biomesoplenty:fir_log":69},"minecraft:picked_up":{"minecraft:wheat":2,"minecraft:flower_pot":3,"minecraft:yellow_wool":3,"minecraft:lead":2,"alexscaves:cave_tablet":8,"biomesoplenty:red_maple_sapling":15,"minecraft:oak_stairs":18,"tconstruct:plate_helmet":1,"minecraft:stone_brick_stairs":39,"minecraft:brewing_stand":2,"biomesoplenty:rainbow_birch_sapling":6,"minecraft:amethyst_block":127,"minecraft:lapis_block":2,"minecraft:string":26,"minecraft:raw_copper":421,"minecraft:sticky_piston":21,"minecraft:beetroot":2,"majruszsaccessories:discount_voucher":4,"cold_sweat:chameleon_molt":5,"minecraft:cobbled_deepslate":1988,"minecraft:comparator":8,"biomesoplenty:fir_planks":2,"minecraft:spruce_planks":13,"minecraft:redstone_torch":2,"minecraft:cobblestone_slab":3,"minecraft:calcite":11,"cold_sweat:thermolith":1,"minecraft:furnace":8,"minecraft:stick":92,"minecraft:composter":6,"minecraft:torch":10,"minecraft:acacia_log":15,"minecraft:spruce_stairs":7,"minecraft:cherry_log":13,"tconstruct:seared_faucet":1,"minecraft:pointed_dripstone":45,"minecraft:diorite":97,"minecraft:stone_sword":1,"minecraft:cactus":3,"minecraft:rotten_flesh":13,"biomesoplenty:fir_slab":7,"minecraft:obsidian":87,"simpleplanes:cargo_plane":1,"minecraft:iron_bars":3,"iammusicplayer:boombox":6,"minecraft:cobblestone":1685,"minecraft:birch_log":16,"biomesoplenty:lavender":3,"cold_sweat:goat_fur":1,"minecraft:magma_block":5,"minecraft:repeater":8,"minecraft:andesite":33,"minecraft:jungle_log":63,"minecraft:smoker":1,"biomesoplenty:fir_sapling":43,"biomesoplenty:fir_log":203,"minecraft:flint":50,"minecraft:tuff":77,"naturalist:lizard_tail":1,"minecraft:lapis_lazuli":360,"minecraft:dirt":2069,"minecraft:lantern":9,"tconstruct:plate_chestplate":1,"biomesoplenty:snowblossom_sapling":9,"minecraft:bone":30,"tconstruct:plate_leggings":1,"minecraft:stonecutter":2,"minecraft:wheat_seeds":38,"minecraft:raw_gold":110,"minecraft:grindstone":2,"minecraft:mossy_stone_bricks":18,"minecraft:glowstone_dust":3,"minecraft:bamboo":15,"naturalist:snail_shell":1,"minecraft:oak_planks":157,"biomesoplenty:toadstool":2,"minecraft:sand":67,"minecraft:stripped_spruce_log":28,"minecraft:grass_block":1,"minecraft:lily_of_the_valley":1,"minecraft:dark_oak_log":96,"minecraft:barrel":1,"minecraft:mossy_cobblestone":19,"minecraft:dark_prismarine":1,"minecraft:blue_terracotta":1,"minecraft:sugar":1,"minecraft:light_blue_terracotta":9,"minecraft:diamond":160,"waystones:waystone":2,"minecraft:granite":92,"simpleplanes:large_plane":4,"minecraft:golden_apple":1,"minecraft:emerald":20,"minecraft:oak_sapling":86,"minecraft:light_gray_carpet":9,"minecraft:netherrack":24,"minecraft:oak_leaves":4,"minecraft:crimson_roots":1,"minecraft:cocoa_beans":13,"minecraft:charcoal":10,"minecraft:crafting_table":8,"minecraft:azure_bluet":2,"minecraft:ladder":5,"minecraft:clay_ball":100,"tconstruct:materials_and_you":1,"tconstruct:sword":1,"majruszsaccessories:swimmer_guide":2,"minecraft:gold_block":3,"biomesoplenty:jacaranda_sapling":9,"another_furniture:oak_chair":3,"minecraft:cornflower":3,"minecraft:oak_trapdoor":5,"minecraft:flint_and_steel":2,"tconstruct:copper_can":30,"biomesoplenty:maple_planks":77,"naturalist:bushmeat":1,"minecraft:candle":7,"minecraft:beef":21,"minecraft:observer":13,"minecraft:jungle_sapling":7,"minecraft:iron_nugget":9,"minecraft:poppy":10,"minecraft:spruce_slab":16,"minecraft:lectern":6,"minecraft:sugar_cane":96,"minecraft:chest":27,"minecraft:birch_sapling":3,"crittersandcompanions:clam":1,"minecraft:spruce_trapdoor":16,"minecraft:dark_oak_sapling":8,"minecraft:raw_iron":124,"minecraft:oak_door":4,"minecraft:copper_ingot":32,"tconstruct:pickaxe":2,"minecraft:cake":3,"minecraft:redstone":406,"minecraft:carrot":10,"minecraft:tnt":5,"minecraft:arrow":13,"minecraft:stone_shovel":1,"biomesoplenty:jacaranda_log":10,"minecraft:beetroot_seeds":4,"majruszsaccessories:lucky_rock":4,"minecraft:hay_block":24,"alexscaves:spelunkery_table":4,"minecraft:white_wool":3,"minecraft:oxeye_daisy":4,"minecraft:stripped_oak_log":2,"minecraft:air":0,"minecraft:leather":10,"minecraft:red_mushroom":17,"minecraft:oak_log":114,"minecraft:yellow_bed":3,"minecraft:cobblestone_stairs":9,"tconstruct:sky_slime_crystal_block":63,"tconstruct:seared_brick":357,"minecraft:cooked_mutton":6,"minecraft:stone_bricks":21,"minecraft:apple":8,"minecraft:gray_carpet":17,"minecraft:kelp":4,"biomesoplenty:maple_log":38,"minecraft:iron_ingot":28,"minecraft:acacia_sapling":6,"minecraft:book":68,"minecraft:oak_slab":31,"minecraft:smooth_basalt":2,"minecraft:pumpkin":9,"minecraft:sweet_berries":9,"minecraft:chiseled_stone_bricks":1,"minecraft:quartz":6,"minecraft:dandelion":9,"minecraft:gravel":72,"tconstruct:plate_boots":1,"minecraft:amethyst_shard":12,"minecraft:spruce_sapling":2,"minecraft:blast_furnace":3,"minecraft:white_bed":6,"minecraft:spruce_log":73,"minecraft:crying_obsidian":5,"minecraft:spruce_door":1,"minecraft:spider_eye":4,"biomesoplenty:flowering_oak_sapling":4,"tconstruct:gold_bars":1,"minecraft:slime_ball":1,"minecraft:stone_axe":2,"minecraft:painting":1,"minecraft:oak_button":13,"minecraft:coal":243,"minecraft:hopper":7,"minecraft:ender_pearl":1},"minecraft:custom":{"minecraft:interact_with_crafting_table":55,"minecraft:open_barrel":83,"minecraft:eat_cake_slice":5,"minecraft:leave_game":7,"minecraft:time_since_death":44045,"minecraft:sprint_one_cm":1543914,"minecraft:drop":121,"minecraft:talked_to_villager":23,"minecraft:play_time":812944,"minecraft:deaths":3,"minecraft:jump":7385,"minecraft:walk_on_water_one_cm":159382,"minecraft:interact_with_furnace":35,"minecraft:traded_with_villager":371,"minecraft:sleep_in_bed":16,"minecraft:damage_dealt":16174,"minecraft:crouch_one_cm":67027,"waystones:waystone_activated":4,"minecraft:interact_with_smoker":2,"minecraft:inspect_dispenser":2,"minecraft:interact_with_smithing_table":1,"minecraft:inspect_dropper":8,"minecraft:mob_kills":85,"minecraft:climb_one_cm":33037,"minecraft:walk_one_cm":1702350,"minecraft:sneak_time":21182,"minecraft:walk_under_water_one_cm":127232,"minecraft:boat_one_cm":530,"minecraft:interact_with_blast_furnace":12,"minecraft:total_world_time":812944,"minecraft:time_since_rest":44116,"minecraft:damage_taken":11449,"minecraft:damage_absorbed":40,"minecraft:trigger_trapped_chest":3,"minecraft:swim_one_cm":332804,"minecraft:fly_one_cm":1532122,"minecraft:open_chest":563,"minecraft:fall_one_cm":179528},"minecraft:mined":{"minecraft:spruce_planks":13,"minecraft:white_bed":6,"minecraft:sculk_vein":3,"minecraft:cobblestone_stairs":8,"tconstruct:sky_slime_crystal_block":63,"minecraft:brewing_stand":2,"minecraft:obsidian":76,"minecraft:spruce_trapdoor":16,"minecraft:granite":56,"minecraft:budding_amethyst":1,"biomesoplenty:fir_slab":4,"minecraft:grass_block":424,"minecraft:infested_cobblestone":7,"iammusicplayer:boombox":6,"minecraft:composter":5,"minecraft:hopper":7,"minecraft:chiseled_stone_bricks":1,"minecraft:spawner":9,"minecraft:tall_seagrass":1,"minecraft:magma_block":5,"minecraft:glowstone":1,"minecraft:iron_ore":48,"minecraft:barrel":1,"minecraft:cobbled_deepslate":33,"minecraft:sticky_piston":21,"minecraft:fire":2,"biomesoplenty:lavender":2,"minecraft:pumpkin":9,"minecraft:deepslate_lapis_ore":31,"minecraft:pointed_dripstone":45,"minecraft:dirt_path":70,"minecraft:oak_stairs":9,"minecraft:spruce_slab":16,"minecraft:deepslate_redstone_ore":56,"minecraft:kelp_plant":9,"minecraft:smoker":1,"minecraft:amethyst_cluster":3,"minecraft:clay":25,"minecraft:torch":5,"minecraft:blast_furnace":3,"minecraft:calcite":14,"minecraft:chest":27,"minecraft:nether_quartz_ore":6,"minecraft:cobblestone":106,"minecraft:grindstone":1,"minecraft:oak_planks":36,"minecraft:sugar_cane":10,"minecraft:iron_door":1,"minecraft:wall_torch":2,"minecraft:amethyst_block":129,"minecraft:seagrass":3,"minecraft:light_blue_terracotta":10,"minecraft:repeater":8,"minecraft:blue_terracotta":1,"minecraft:yellow_wool":3,"biomesoplenty:maple_planks":77,"minecraft:tnt":4,"biomesoplenty:fir_log":19,"minecraft:stone_brick_stairs":40,"minecraft:infested_mossy_stone_bricks":1,"minecraft:grass":40,"minecraft:oak_log":3,"minecraft:sand":32,"minecraft:dirt":876,"minecraft:infested_cracked_stone_bricks":1,"minecraft:smooth_basalt":7,"minecraft:tripwire_hook":1,"minecraft:stonecutter":1,"minecraft:netherrack":24,"minecraft:oak_leaves":18,"minecraft:deepslate":2388,"minecraft:dark_prismarine":1,"alexscaves:spelunkery_table":3,"minecraft:crying_obsidian":5,"minecraft:tuff":126,"minecraft:mossy_cobblestone":21,"minecraft:candle":3,"minecraft:deepslate_diamond_ore":118,"minecraft:dark_oak_log":5,"minecraft:ladder":5,"minecraft:chiseled_bookshelf":1,"minecraft:spruce_fence":1,"minecraft:redstone_wire":10,"minecraft:spruce_leaves":9,"minecraft:kelp":4,"another_furniture:oak_chair":1,"minecraft:hay_block":23,"minecraft:redstone_ore":4,"minecraft:oak_trapdoor":5,"minecraft:furnace":8,"minecraft:andesite":22,"minecraft:stripped_spruce_log":28,"treechop:chopped_log":33,"minecraft:gold_block":3,"minecraft:mossy_stone_brick_stairs":1,"minecraft:bookshelf":12,"minecraft:cobblestone_slab":4,"minecraft:deepslate_iron_ore":20,"minecraft:vine":9,"crittersandcompanions:silk_cocoon":1,"minecraft:lantern":5,"minecraft:stripped_oak_log":2,"minecraft:bamboo":1,"minecraft:stone":893,"minecraft:white_wool":3,"minecraft:light_gray_carpet":9,"minecraft:glass_pane":10,"minecraft:comparator":8,"minecraft:potted_lily_of_the_valley":1,"minecraft:observer":13,"minecraft:spruce_door":1,"minecraft:crafting_table":7,"minecraft:emerald_ore":1,"biomesoplenty:fir_planks":2,"minecraft:campfire":5,"minecraft:lectern":4,"minecraft:potted_oxeye_daisy":1,"minecraft:copper_ore":38,"minecraft:tall_grass":9,"biomesoplenty:sprout":1,"minecraft:deepslate_gold_ore":63,"minecraft:sculk":7,"minecraft:diorite":61,"minecraft:spruce_stairs":7,"minecraft:cactus":2,"minecraft:sweet_berry_bush":3,"minecraft:yellow_bed":3,"minecraft:coal_ore":189,"minecraft:cocoa":1,"minecraft:gravel":83,"minecraft:gray_carpet":17,"minecraft:cobweb":14,"minecraft:cracked_stone_bricks":1,"minecraft:stone_bricks":21,"cold_sweat:thermolith":1,"minecraft:mossy_stone_bricks":20,"minecraft:gold_ore":13,"minecraft:fern":3},"minecraft:killed":{"minecraft:witch":1,"minecraft:spider":13,"crittersandcompanions:leaf_insect":1,"naturalist:snail":4,"minecraft:skeleton":10,"minecraft:silverfish":8,"minecraft:zombie_villager":3,"naturalist:snake":3,"minecraft:iron_golem":3,"minecraft:trader_llama":2,"minecraft:goat":1,"minecraft:zombie":19,"minecraft:cow":3,"cold_sweat:chameleon":5,"naturalist:tortoise":1,"minecraft:drowned":2,"naturalist:giraffe":1,"naturalist:lizard_tail":1,"naturalist:lizard":1,"minecraft:enderman":2},"minecraft:crafted":{"minecraft:oak_planks":239,"iammusicplayer:music_manager":1,"minecraft:cobblestone_slab":6,"minecraft:barrel":4,"minecraft:oak_sign":15,"cold_sweat:thermolith":1,"iammusicplayer:boombox":1,"another_furniture:oak_chair":3,"minecraft:stone":160,"minecraft:cobblestone_stairs":12,"tconstruct:pick_head":1,"tconstruct:tool_binding":2,"cold_sweat:icebox":1,"tconstruct:hand_axe":6,"minecraft:cake":7,"minecraft:hopper":3,"minecraft:stone_brick_slab":6,"hole_filler_mod:throwable_hole_filler":16,"tconstruct:adze_head":1,"simpleplanes:large_plane":1,"biomesoplenty:fir_slab":54,"tconstruct:seared_brick":6,"minecraft:chest":27,"cold_sweat:sewing_table":1,"minecraft:oak_button":23,"tconstruct:small_axe_head":1,"minecraft:stone_bricks":160,"minecraft:oak_slab":48,"minecraft:wooden_shovel":1,"travelersbackpack:iron_tier_upgrade":1,"minecraft:emerald":285,"biomesoplenty:jacaranda_planks":16,"minecraft:crafting_table":6,"minecraft:spruce_planks":404,"iammusicplayer:cassette_tape":5,"minecraft:wooden_pickaxe":1,"travelersbackpack:standard":1,"minecraft:smithing_table":1,"tconstruct:tool_handle":2,"minecraft:copper_ingot":72,"minecraft:hay_block":4,"minecraft:campfire":1,"biomesoplenty:fir_planks":124,"minecraft:stone_brick_stairs":84,"minecraft:light_weighted_pressure_plate":3,"minecraft:stick":104,"minecraft:iron_ingot":10,"minecraft:iron_pickaxe":2,"minecraft:shears":1,"minecraft:golden_carrot":126,"tconstruct:pickaxe":28,"tconstruct:pattern":24,"minecraft:cookie":144,"minecraft:coal":126,"minecraft:jukebox":1,"minecraft:iron_nugget":18,"simpleplanes:plane_workbench":1,"biomesoplenty:maple_planks":152,"minecraft:furnace":8,"tconstruct:repair_kit":14,"minecraft:bone_meal":27,"minecraft:lantern":1,"minecraft:spruce_stairs":80,"minecraft:iron_axe":1,"minecraft:ladder":6,"minecraft:spruce_slab":12,"minecraft:stone_pickaxe":2,"simpleplanes:propeller":6,"minecraft:redstone_block":8,"minecraft:dark_oak_planks":152,"minecraft:wheat":243,"minecraft:coal_block":14,"simpleplanes:furnace_engine":1,"minecraft:bucket":1,"minecraft:stone_axe":1,"minecraft:amethyst_block":3,"tconstruct:pickadze":13,"minecraft:bread":129,"minecraft:air":46,"cold_sweat:thermometer":1,"minecraft:oak_boat":1,"simpleplanes:cargo_plane":1,"minecraft:white_wool":3,"minecraft:iron_shovel":1,"minecraft:note_block":2,"minecraft:pumpkin_pie":52,"minecraft:acacia_planks":4,"minecraft:torch":328,"biomesoplenty:maple_door":3}},"DataVersion":3465}