{"stats":{"minecraft:custom":{"minecraft:interact_with_crafting_table":37,"minecraft:open_barrel":57,"minecraft:leave_game":5,"minecraft:time_since_death":336275,"minecraft:sprint_one_cm":816091,"minecraft:drop":53,"minecraft:talked_to_villager":18,"minecraft:play_time":502659,"minecraft:deaths":2,"minecraft:jump":3711,"minecraft:walk_on_water_one_cm":74536,"minecraft:interact_with_furnace":23,"minecraft:traded_with_villager":197,"minecraft:sleep_in_bed":10,"minecraft:damage_dealt":10539,"minecraft:crouch_one_cm":35665,"waystones:waystone_activated":1,"minecraft:interact_with_smoker":1,"minecraft:mob_kills":43,"minecraft:climb_one_cm":3775,"minecraft:walk_one_cm":1110721,"minecraft:sneak_time":10547,"minecraft:walk_under_water_one_cm":63876,"minecraft:boat_one_cm":530,"minecraft:interact_with_blast_furnace":11,"minecraft:total_world_time":502659,"minecraft:time_since_rest":39125,"minecraft:damage_taken":5334,"minecraft:damage_absorbed":40,"minecraft:swim_one_cm":199522,"minecraft:fly_one_cm":800141,"minecraft:open_chest":391,"minecraft:fall_one_cm":91735},"minecraft:crafted":{"minecraft:oak_planks":239,"iammusicplayer:music_manager":1,"minecraft:cobblestone_slab":6,"minecraft:oak_sign":15,"minecraft:barrel":4,"iammusicplayer:boombox":1,"another_furniture:oak_chair":3,"tconstruct:pick_head":1,"minecraft:cobblestone_stairs":12,"tconstruct:tool_binding":2,"cold_sweat:icebox":1,"tconstruct:hand_axe":3,"minecraft:cake":7,"minecraft:hopper":3,"hole_filler_mod:throwable_hole_filler":16,"tconstruct:adze_head":1,"minecraft:chest":27,"cold_sweat:sewing_table":1,"minecraft:oak_button":23,"tconstruct:small_axe_head":1,"minecraft:oak_slab":48,"minecraft:wooden_shovel":1,"minecraft:emerald":132,"minecraft:crafting_table":4,"minecraft:spruce_planks":20,"iammusicplayer:cassette_tape":5,"minecraft:wooden_pickaxe":1,"travelersbackpack:standard":1,"minecraft:smithing_table":1,"tconstruct:tool_handle":2,"minecraft:copper_ingot":72,"minecraft:hay_block":4,"minecraft:campfire":1,"minecraft:stick":104,"minecraft:iron_ingot":10,"minecraft:iron_pickaxe":1,"minecraft:shears":1,"minecraft:golden_carrot":63,"tconstruct:pickaxe":9,"tconstruct:pattern":24,"minecraft:cookie":144,"minecraft:coal":126,"minecraft:jukebox":1,"minecraft:iron_nugget":18,"minecraft:furnace":8,"tconstruct:repair_kit":14,"minecraft:lantern":1,"minecraft:ladder":6,"minecraft:spruce_slab":12,"minecraft:stone_pickaxe":2,"minecraft:redstone_block":8,"minecraft:dark_oak_planks":152,"minecraft:wheat":243,"minecraft:coal_block":14,"minecraft:stone_axe":1,"minecraft:amethyst_block":3,"tconstruct:pickadze":13,"minecraft:bread":129,"minecraft:air":46,"minecraft:oak_boat":1,"minecraft:white_wool":3,"minecraft:iron_shovel":1,"minecraft:pumpkin_pie":52,"minecraft:note_block":2,"minecraft:acacia_planks":4,"minecraft:torch":328},"minecraft:used":{"minecraft:iron_shovel":171,"minecraft:spruce_slab":20,"minecraft:ladder":10,"minecraft:oak_sign":9,"minecraft:chest":35,"tconstruct:sword":65,"iammusicplayer:boombox":6,"minecraft:stripped_spruce_log":2,"minecraft:lava_bucket":1,"minecraft:lantern":1,"minecraft:sweet_berries":37,"minecraft:furnace":8,"tconstruct:plate_chestplate":1,"minecraft:gray_carpet":17,"minecraft:stone_pickaxe":247,"minecraft:oak_planks":17,"minecraft:wooden_pickaxe":42,"minecraft:composter":3,"minecraft:sugar_cane":15,"another_furniture:oak_chair":3,"minecraft:oak_leaves":4,"iammusicplayer:music_manager":1,"minecraft:golden_apple":2,"minecraft:glow_berries":2,"minecraft:blast_furnace":1,"minecraft:shears":4,"minecraft:dark_oak_log":5,"cold_sweat:sewing_table":1,"minecraft:bread":65,"minecraft:lectern":1,"minecraft:smithing_table":1,"minecraft:oak_boat":1,"tconstruct:plate_helmet":1,"minecraft:stone_shovel":1,"minecraft:spruce_planks":2,"minecraft:wooden_shovel":4,"tconstruct:pickaxe":8,"simpletomb:grave_key":2,"minecraft:torch":305,"minecraft:dirt":764,"minecraft:hopper":3,"tconstruct:hand_axe":120,"minecraft:spruce_stairs":5,"minecraft:granite":3,"cold_sweat:icebox":1,"minecraft:barrel":5,"alexscaves:spelunkery_table":1,"tconstruct:pickadze":541,"minecraft:golden_carrot":16,"minecraft:cobbled_deepslate":20,"minecraft:water_bucket":4,"minecraft:cobblestone_stairs":10,"tconstruct:plate_leggings":1,"minecraft:oak_slab":9,"minecraft:crafting_table":6,"minecraft:white_bed":4,"minecraft:campfire":1,"minecraft:cake":7,"minecraft:smoker":1,"minecraft:oak_log":4,"minecraft:oak_button":9,"minecraft:iron_pickaxe":188,"minecraft:spruce_trapdoor":11,"tconstruct:plate_boots":1,"minecraft:golden_leggings":1,"minecraft:stone_axe":46,"minecraft:cobblestone":59,"minecraft:cooked_porkchop":8,"minecraft:bucket":7,"minecraft:pumpkin_pie":1,"minecraft:yellow_bed":3},"minecraft:dropped":{"majruszsaccessories:swimmer_guide":1,"minecraft:dark_oak_sapling":3,"minecraft:emerald":1,"minecraft:cobblestone_stairs":6,"minecraft:flint":3,"tconstruct:repair_kit":5,"minecraft:gravel":29,"minecraft:stone_axe":1,"minecraft:iron_nugget":1,"minecraft:cobbled_deepslate":7,"minecraft:rotten_flesh":2,"minecraft:oak_planks":62,"travelersbackpack:white_sleeping_bag":1,"minecraft:acacia_sapling":2,"minecraft:chest":1,"minecraft:arrow":2,"iammusicplayer:cassette_tape":5,"minecraft:bread":11,"minecraft:wheat_seeds":1,"biomesoplenty:lavender":1,"minecraft:copper_ingot":25,"minecraft:stick":10,"minecraft:clay_ball":100,"minecraft:cake":3,"minecraft:golden_leggings":1,"minecraft:oak_sapling":3,"minecraft:wooden_shovel":1,"minecraft:calcite":7},"minecraft:mined":{"minecraft:spruce_planks":12,"minecraft:white_bed":6,"minecraft:cobblestone_stairs":6,"minecraft:sculk_vein":3,"tconstruct:sky_slime_crystal_block":63,"minecraft:spruce_trapdoor":16,"minecraft:granite":56,"minecraft:budding_amethyst":1,"minecraft:grass_block":369,"iammusicplayer:boombox":6,"minecraft:composter":3,"minecraft:spawner":7,"minecraft:tall_seagrass":1,"minecraft:magma_block":5,"minecraft:iron_ore":47,"minecraft:cobbled_deepslate":16,"minecraft:barrel":1,"biomesoplenty:lavender":2,"minecraft:pumpkin":9,"minecraft:dirt_path":70,"minecraft:oak_stairs":9,"minecraft:spruce_slab":16,"minecraft:deepslate_redstone_ore":13,"minecraft:kelp_plant":9,"minecraft:smoker":1,"minecraft:amethyst_cluster":3,"minecraft:clay":25,"minecraft:torch":4,"minecraft:blast_furnace":2,"minecraft:calcite":10,"minecraft:chest":27,"minecraft:cobblestone":34,"minecraft:grindstone":1,"minecraft:sugar_cane":10,"minecraft:oak_planks":36,"minecraft:wall_torch":2,"minecraft:amethyst_block":63,"minecraft:seagrass":3,"minecraft:yellow_wool":3,"minecraft:tnt":1,"minecraft:grass":30,"minecraft:oak_log":3,"minecraft:sand":32,"minecraft:dirt":869,"minecraft:smooth_basalt":7,"minecraft:stonecutter":1,"minecraft:netherrack":22,"minecraft:oak_leaves":18,"minecraft:deepslate":518,"minecraft:dark_prismarine":1,"alexscaves:spelunkery_table":2,"minecraft:tuff":49,"minecraft:mossy_cobblestone":4,"minecraft:dark_oak_log":5,"minecraft:ladder":5,"minecraft:spruce_fence":1,"minecraft:spruce_leaves":6,"minecraft:kelp":4,"another_furniture:oak_chair":1,"minecraft:hay_block":23,"minecraft:redstone_ore":4,"minecraft:oak_trapdoor":5,"minecraft:furnace":8,"minecraft:andesite":6,"minecraft:stripped_spruce_log":28,"treechop:chopped_log":12,"minecraft:gold_block":3,"minecraft:bookshelf":12,"minecraft:deepslate_iron_ore":9,"minecraft:lantern":5,"minecraft:stripped_oak_log":1,"minecraft:stone":779,"minecraft:white_wool":3,"minecraft:light_gray_carpet":9,"minecraft:glass_pane":10,"minecraft:potted_lily_of_the_valley":1,"minecraft:spruce_door":1,"minecraft:crafting_table":3,"minecraft:emerald_ore":1,"minecraft:lectern":4,"minecraft:campfire":5,"minecraft:potted_oxeye_daisy":1,"minecraft:tall_grass":9,"minecraft:copper_ore":37,"minecraft:deepslate_gold_ore":30,"minecraft:sculk":7,"minecraft:diorite":47,"minecraft:spruce_stairs":7,"minecraft:sweet_berry_bush":3,"minecraft:yellow_bed":3,"minecraft:coal_ore":146,"minecraft:gravel":51,"minecraft:gray_carpet":17,"minecraft:cobweb":14,"minecraft:stone_bricks":1,"minecraft:gold_ore":3},"minecraft:picked_up":{"minecraft:wheat":2,"minecraft:flower_pot":3,"minecraft:yellow_wool":3,"minecraft:lead":2,"alexscaves:cave_tablet":8,"minecraft:oak_stairs":18,"tconstruct:plate_helmet":1,"minecraft:amethyst_block":61,"minecraft:string":21,"minecraft:raw_copper":407,"minecraft:beetroot":2,"majruszsaccessories:discount_voucher":3,"minecraft:cobbled_deepslate":156,"minecraft:spruce_planks":12,"minecraft:calcite":7,"minecraft:furnace":8,"minecraft:stick":47,"minecraft:composter":4,"minecraft:torch":8,"minecraft:acacia_log":15,"minecraft:spruce_stairs":7,"tconstruct:seared_faucet":1,"minecraft:diorite":83,"minecraft:stone_sword":1,"minecraft:rotten_flesh":7,"minecraft:iron_bars":3,"iammusicplayer:boombox":6,"minecraft:cobblestone":1503,"biomesoplenty:lavender":3,"minecraft:magma_block":5,"minecraft:andesite":17,"minecraft:smoker":1,"minecraft:flint":43,"minecraft:lapis_lazuli":44,"minecraft:dirt":1940,"minecraft:lantern":9,"tconstruct:plate_chestplate":1,"minecraft:bone":9,"tconstruct:plate_leggings":1,"minecraft:stonecutter":2,"minecraft:wheat_seeds":37,"minecraft:raw_gold":33,"minecraft:grindstone":2,"minecraft:oak_planks":157,"minecraft:sand":67,"minecraft:stripped_spruce_log":28,"minecraft:lily_of_the_valley":1,"minecraft:dark_oak_log":43,"minecraft:barrel":1,"minecraft:mossy_cobblestone":3,"minecraft:dark_prismarine":1,"minecraft:sugar":1,"minecraft:diamond":3,"minecraft:granite":92,"minecraft:golden_apple":1,"minecraft:emerald":5,"minecraft:oak_sapling":86,"minecraft:light_gray_carpet":9,"minecraft:netherrack":22,"minecraft:oak_leaves":4,"minecraft:charcoal":10,"minecraft:crafting_table":4,"minecraft:azure_bluet":2,"minecraft:ladder":5,"minecraft:clay_ball":100,"tconstruct:materials_and_you":1,"biomesoplenty:jacaranda_sapling":4,"tconstruct:sword":1,"minecraft:gold_block":3,"majruszsaccessories:swimmer_guide":2,"another_furniture:oak_chair":3,"minecraft:cornflower":2,"minecraft:oak_trapdoor":5,"minecraft:flint_and_steel":2,"tconstruct:copper_can":30,"minecraft:beef":16,"minecraft:iron_nugget":9,"minecraft:poppy":10,"minecraft:lectern":6,"minecraft:spruce_slab":16,"minecraft:sugar_cane":96,"minecraft:chest":27,"minecraft:spruce_trapdoor":16,"minecraft:dark_oak_sapling":3,"minecraft:raw_iron":100,"minecraft:oak_door":4,"minecraft:copper_ingot":29,"tconstruct:pickaxe":1,"minecraft:cake":3,"minecraft:carrot":10,"minecraft:redstone":118,"minecraft:tnt":2,"minecraft:arrow":13,"minecraft:stone_shovel":1,"biomesoplenty:jacaranda_log":6,"minecraft:beetroot_seeds":4,"minecraft:hay_block":23,"alexscaves:spelunkery_table":3,"minecraft:white_wool":3,"minecraft:oxeye_daisy":4,"minecraft:stripped_oak_log":1,"minecraft:air":0,"minecraft:leather":8,"minecraft:oak_log":112,"minecraft:yellow_bed":3,"minecraft:cobblestone_stairs":7,"tconstruct:sky_slime_crystal_block":63,"tconstruct:seared_brick":357,"minecraft:cooked_mutton":6,"minecraft:stone_bricks":1,"minecraft:apple":5,"minecraft:gray_carpet":17,"minecraft:kelp":4,"minecraft:iron_ingot":28,"minecraft:acacia_sapling":6,"minecraft:book":68,"minecraft:oak_slab":31,"minecraft:smooth_basalt":2,"minecraft:pumpkin":9,"minecraft:sweet_berries":9,"minecraft:dandelion":9,"minecraft:gravel":39,"tconstruct:plate_boots":1,"minecraft:amethyst_shard":12,"minecraft:blast_furnace":2,"minecraft:white_bed":6,"minecraft:spruce_door":1,"minecraft:spider_eye":3,"biomesoplenty:flowering_oak_sapling":4,"tconstruct:gold_bars":1,"minecraft:stone_axe":2,"minecraft:painting":1,"minecraft:oak_button":13,"minecraft:coal":180},"minecraft:killed":{"minecraft:witch":1,"minecraft:spider":10,"crittersandcompanions:leaf_insect":1,"minecraft:skeleton":7,"minecraft:zombie_villager":1,"minecraft:iron_golem":3,"minecraft:trader_llama":2,"minecraft:zombie":17},"minecraft:broken":{"minecraft:stone_pickaxe":2,"minecraft:wooden_pickaxe":1}},"DataVersion":3465}