{"stats":{"minecraft:custom":{"minecraft:mob_kills":26,"minecraft:interact_with_crafting_table":26,"minecraft:open_barrel":22,"minecraft:leave_game":3,"minecraft:time_since_death":138678,"minecraft:climb_one_cm":3067,"minecraft:sprint_one_cm":491452,"minecraft:walk_one_cm":835979,"minecraft:drop":38,"minecraft:talked_to_villager":1,"minecraft:play_time":305062,"minecraft:sneak_time":6445,"minecraft:deaths":2,"minecraft:walk_under_water_one_cm":26848,"minecraft:jump":2249,"minecraft:interact_with_blast_furnace":6,"minecraft:walk_on_water_one_cm":41967,"minecraft:total_world_time":305062,"minecraft:interact_with_furnace":21,"minecraft:sleep_in_bed":7,"minecraft:time_since_rest":68287,"minecraft:damage_taken":3370,"minecraft:damage_dealt":4645,"minecraft:swim_one_cm":81019,"minecraft:fly_one_cm":424568,"minecraft:open_chest":271,"minecraft:crouch_one_cm":22353,"waystones:waystone_activated":1,"minecraft:fall_one_cm":65158},"minecraft:crafted":{"tconstruct:pattern":24,"tconstruct:pickaxe":7,"minecraft:oak_planks":239,"minecraft:barrel":4,"minecraft:iron_nugget":9,"another_furniture:oak_chair":3,"minecraft:furnace":8,"tconstruct:repair_kit":14,"tconstruct:pick_head":1,"tconstruct:tool_binding":2,"tconstruct:hand_axe":2,"minecraft:hopper":3,"minecraft:lantern":1,"tconstruct:adze_head":1,"minecraft:ladder":6,"minecraft:spruce_slab":12,"minecraft:stone_pickaxe":2,"minecraft:chest":27,"minecraft:oak_button":22,"tconstruct:small_axe_head":1,"minecraft:redstone_block":8,"minecraft:dark_oak_planks":152,"minecraft:wheat":243,"minecraft:coal_block":14,"minecraft:oak_slab":48,"minecraft:crafting_table":4,"minecraft:spruce_planks":20,"travelersbackpack:standard":1,"minecraft:wooden_pickaxe":1,"tconstruct:tool_handle":2,"minecraft:copper_ingot":72,"minecraft:hay_block":4,"minecraft:campfire":1,"minecraft:stone_axe":1,"minecraft:amethyst_block":3,"tconstruct:pickadze":13,"minecraft:bread":69,"minecraft:air":46,"minecraft:white_wool":3,"minecraft:stick":56,"minecraft:iron_pickaxe":1,"minecraft:acacia_planks":4,"minecraft:torch":48,"minecraft:shears":1},"minecraft:used":{"tconstruct:plate_helmet":1,"minecraft:spruce_slab":19,"minecraft:ladder":10,"minecraft:chest":35,"minecraft:spruce_planks":2,"simpletomb:grave_key":2,"minecraft:torch":21,"tconstruct:sword":61,"minecraft:dirt":570,"minecraft:hopper":3,"tconstruct:hand_axe":61,"minecraft:spruce_stairs":4,"minecraft:granite":3,"minecraft:stripped_spruce_log":2,"minecraft:lantern":1,"minecraft:barrel":5,"tconstruct:pickadze":541,"minecraft:sweet_berries":17,"minecraft:furnace":8,"tconstruct:plate_chestplate":1,"minecraft:cobbled_deepslate":20,"minecraft:stone_pickaxe":247,"minecraft:gray_carpet":16,"minecraft:oak_planks":7,"tconstruct:plate_leggings":1,"minecraft:wooden_pickaxe":42,"minecraft:composter":2,"minecraft:sugar_cane":15,"minecraft:oak_leaves":4,"another_furniture:oak_chair":2,"minecraft:glow_berries":2,"minecraft:oak_slab":9,"minecraft:crafting_table":6,"minecraft:blast_furnace":1,"minecraft:white_bed":4,"minecraft:campfire":1,"minecraft:shears":4,"minecraft:oak_log":4,"minecraft:dark_oak_log":5,"minecraft:iron_pickaxe":188,"minecraft:bread":65,"minecraft:oak_button":9,"minecraft:spruce_trapdoor":11,"tconstruct:plate_boots":1,"minecraft:golden_leggings":1,"minecraft:stone_axe":46,"minecraft:cobblestone":42,"minecraft:bucket":3,"minecraft:yellow_bed":3},"minecraft:mined":{"alexscaves:spelunkery_table":2,"minecraft:tuff":49,"minecraft:spruce_planks":12,"minecraft:white_bed":5,"minecraft:sculk_vein":3,"minecraft:mossy_cobblestone":4,"minecraft:cobblestone_stairs":6,"tconstruct:sky_slime_crystal_block":63,"minecraft:dark_oak_log":5,"minecraft:spruce_trapdoor":16,"minecraft:ladder":5,"minecraft:granite":21,"minecraft:spruce_fence":1,"minecraft:budding_amethyst":1,"minecraft:grass_block":366,"minecraft:spruce_leaves":6,"minecraft:composter":3,"another_furniture:oak_chair":1,"minecraft:spawner":6,"minecraft:hay_block":23,"minecraft:oak_trapdoor":5,"minecraft:redstone_ore":4,"minecraft:magma_block":5,"minecraft:furnace":8,"minecraft:iron_ore":47,"minecraft:barrel":1,"minecraft:cobbled_deepslate":16,"biomesoplenty:lavender":2,"minecraft:andesite":6,"minecraft:stripped_spruce_log":28,"treechop:chopped_log":12,"minecraft:pumpkin":9,"minecraft:gold_block":3,"minecraft:bookshelf":12,"minecraft:dirt_path":69,"minecraft:deepslate_iron_ore":9,"minecraft:oak_stairs":9,"minecraft:lantern":5,"minecraft:stripped_oak_log":1,"minecraft:stone":584,"minecraft:white_wool":3,"minecraft:spruce_slab":15,"minecraft:deepslate_redstone_ore":13,"minecraft:light_gray_carpet":9,"minecraft:glass_pane":10,"minecraft:potted_lily_of_the_valley":1,"minecraft:amethyst_cluster":3,"minecraft:spruce_door":1,"minecraft:clay":25,"minecraft:crafting_table":3,"minecraft:torch":2,"minecraft:blast_furnace":2,"minecraft:emerald_ore":1,"minecraft:calcite":10,"minecraft:chest":23,"minecraft:campfire":5,"minecraft:lectern":2,"minecraft:potted_oxeye_daisy":1,"minecraft:copper_ore":37,"minecraft:tall_grass":7,"minecraft:cobblestone":24,"minecraft:deepslate_gold_ore":30,"minecraft:grindstone":1,"minecraft:oak_planks":34,"minecraft:sugar_cane":6,"minecraft:sculk":7,"minecraft:diorite":22,"minecraft:wall_torch":2,"minecraft:amethyst_block":63,"minecraft:spruce_stairs":7,"minecraft:yellow_wool":3,"minecraft:sweet_berry_bush":3,"minecraft:tnt":1,"minecraft:yellow_bed":3,"minecraft:grass":26,"minecraft:coal_ore":128,"minecraft:oak_log":3,"minecraft:gravel":51,"minecraft:sand":31,"minecraft:dirt":792,"minecraft:gray_carpet":16,"minecraft:cobweb":14,"minecraft:smooth_basalt":5,"minecraft:stonecutter":1,"minecraft:stone_bricks":1,"minecraft:netherrack":22,"minecraft:gold_ore":3,"minecraft:oak_leaves":18,"minecraft:deepslate":518},"minecraft:dropped":{"minecraft:bread":11,"minecraft:wheat_seeds":1,"majruszsaccessories:swimmer_guide":1,"minecraft:dark_oak_sapling":3,"biomesoplenty:lavender":1,"minecraft:copper_ingot":25,"minecraft:emerald":1,"minecraft:stick":10,"minecraft:flint":3,"minecraft:cobblestone_stairs":6,"minecraft:gravel":29,"minecraft:stone_axe":1,"minecraft:iron_nugget":1,"minecraft:cobbled_deepslate":7,"minecraft:rotten_flesh":2,"minecraft:clay_ball":100,"minecraft:oak_planks":62,"travelersbackpack:white_sleeping_bag":1,"minecraft:chest":1,"minecraft:acacia_sapling":2,"minecraft:golden_leggings":1,"minecraft:oak_sapling":3,"minecraft:arrow":1,"minecraft:calcite":7},"minecraft:picked_up":{"minecraft:charcoal":10,"minecraft:crafting_table":4,"minecraft:wheat":2,"minecraft:azure_bluet":2,"minecraft:clay_ball":100,"minecraft:ladder":5,"minecraft:flower_pot":3,"minecraft:yellow_wool":3,"minecraft:lead":1,"tconstruct:materials_and_you":1,"alexscaves:cave_tablet":8,"minecraft:oak_stairs":18,"biomesoplenty:jacaranda_sapling":4,"tconstruct:sword":1,"minecraft:gold_block":3,"majruszsaccessories:swimmer_guide":2,"tconstruct:plate_helmet":1,"another_furniture:oak_chair":3,"minecraft:amethyst_block":61,"minecraft:cornflower":2,"minecraft:oak_trapdoor":5,"minecraft:string":19,"minecraft:raw_copper":407,"minecraft:flint_and_steel":2,"tconstruct:copper_can":30,"minecraft:beetroot":2,"minecraft:cobbled_deepslate":156,"minecraft:spruce_planks":12,"minecraft:beef":16,"minecraft:calcite":7,"minecraft:iron_nugget":9,"minecraft:poppy":5,"minecraft:spruce_slab":15,"minecraft:lectern":4,"minecraft:sugar_cane":15,"minecraft:chest":23,"minecraft:spruce_trapdoor":16,"minecraft:furnace":8,"minecraft:dark_oak_sapling":3,"minecraft:stick":47,"minecraft:raw_iron":100,"minecraft:oak_door":4,"minecraft:composter":4,"minecraft:copper_ingot":29,"minecraft:torch":5,"minecraft:acacia_log":15,"minecraft:spruce_stairs":7,"tconstruct:pickaxe":1,"tconstruct:seared_faucet":1,"minecraft:diorite":58,"minecraft:carrot":10,"minecraft:redstone":118,"minecraft:tnt":2,"minecraft:stone_sword":1,"minecraft:arrow":11,"minecraft:stone_shovel":1,"minecraft:rotten_flesh":2,"biomesoplenty:jacaranda_log":6,"minecraft:beetroot_seeds":4,"minecraft:hay_block":23,"alexscaves:spelunkery_table":3,"minecraft:iron_bars":3,"minecraft:stripped_oak_log":1,"minecraft:white_wool":3,"minecraft:cobblestone":1339,"minecraft:oxeye_daisy":4,"biomesoplenty:lavender":3,"minecraft:magma_block":5,"minecraft:air":0,"minecraft:andesite":17,"minecraft:leather":5,"minecraft:flint":43,"minecraft:oak_log":112,"minecraft:yellow_bed":3,"minecraft:cobblestone_stairs":6,"minecraft:lapis_lazuli":44,"tconstruct:sky_slime_crystal_block":63,"minecraft:dirt":1852,"minecraft:lantern":9,"tconstruct:plate_chestplate":1,"tconstruct:seared_brick":357,"minecraft:bone":6,"minecraft:stone_bricks":1,"tconstruct:plate_leggings":1,"minecraft:apple":5,"minecraft:gray_carpet":16,"minecraft:stonecutter":2,"minecraft:wheat_seeds":33,"minecraft:raw_gold":33,"minecraft:grindstone":2,"minecraft:iron_ingot":10,"minecraft:oak_planks":155,"minecraft:acacia_sapling":6,"minecraft:book":68,"minecraft:oak_slab":31,"minecraft:pumpkin":9,"minecraft:sweet_berries":9,"minecraft:dandelion":9,"minecraft:gravel":39,"tconstruct:plate_boots":1,"minecraft:sand":67,"minecraft:amethyst_shard":12,"minecraft:stripped_spruce_log":28,"minecraft:blast_furnace":2,"minecraft:white_bed":5,"minecraft:lily_of_the_valley":1,"minecraft:spruce_door":1,"minecraft:dark_oak_log":43,"minecraft:spider_eye":2,"minecraft:barrel":1,"minecraft:mossy_cobblestone":3,"biomesoplenty:flowering_oak_sapling":4,"tconstruct:gold_bars":1,"minecraft:diamond":3,"minecraft:stone_axe":2,"minecraft:granite":64,"minecraft:painting":1,"minecraft:golden_apple":1,"minecraft:emerald":1,"minecraft:oak_button":13,"minecraft:oak_sapling":86,"minecraft:light_gray_carpet":9,"minecraft:netherrack":22,"minecraft:coal":156,"minecraft:oak_leaves":4},"minecraft:killed":{"minecraft:spider":8,"crittersandcompanions:leaf_insect":1,"minecraft:skeleton":5,"minecraft:zombie_villager":1,"minecraft:zombie":10},"minecraft:broken":{"minecraft:wooden_pickaxe":1,"minecraft:stone_pickaxe":2}},"DataVersion":3465}