{"stats":{"minecraft:custom":{"minecraft:interact_with_crafting_table":33,"minecraft:open_barrel":28,"minecraft:leave_game":5,"minecraft:time_since_death":210275,"minecraft:sprint_one_cm":616620,"minecraft:drop":45,"minecraft:talked_to_villager":10,"minecraft:play_time":376659,"minecraft:deaths":2,"minecraft:jump":2715,"minecraft:walk_on_water_one_cm":42195,"minecraft:interact_with_furnace":23,"minecraft:traded_with_villager":37,"minecraft:sleep_in_bed":7,"minecraft:damage_dealt":5283,"minecraft:crouch_one_cm":23662,"waystones:waystone_activated":1,"minecraft:interact_with_smoker":1,"minecraft:mob_kills":29,"minecraft:climb_one_cm":3067,"minecraft:walk_one_cm":947392,"minecraft:sneak_time":6983,"minecraft:walk_under_water_one_cm":26848,"minecraft:boat_one_cm":530,"minecraft:interact_with_blast_furnace":11,"minecraft:total_world_time":376659,"minecraft:time_since_rest":139884,"minecraft:damage_taken":3853,"minecraft:damage_absorbed":40,"minecraft:swim_one_cm":81019,"minecraft:fly_one_cm":528664,"minecraft:open_chest":311,"minecraft:fall_one_cm":74578},"minecraft:crafted":{"minecraft:oak_planks":239,"iammusicplayer:music_manager":1,"minecraft:oak_sign":15,"minecraft:barrel":4,"iammusicplayer:boombox":1,"another_furniture:oak_chair":3,"tconstruct:pick_head":1,"minecraft:cobblestone_stairs":12,"tconstruct:tool_binding":2,"tconstruct:hand_axe":2,"minecraft:hopper":3,"tconstruct:adze_head":1,"minecraft:chest":27,"minecraft:oak_button":23,"tconstruct:small_axe_head":1,"minecraft:oak_slab":48,"minecraft:wooden_shovel":1,"minecraft:emerald":31,"minecraft:crafting_table":4,"minecraft:spruce_planks":20,"iammusicplayer:cassette_tape":5,"minecraft:wooden_pickaxe":1,"travelersbackpack:standard":1,"minecraft:smithing_table":1,"tconstruct:tool_handle":2,"minecraft:copper_ingot":72,"minecraft:hay_block":4,"minecraft:campfire":1,"minecraft:stick":56,"minecraft:iron_ingot":10,"minecraft:iron_pickaxe":1,"minecraft:shears":1,"tconstruct:pickaxe":9,"tconstruct:pattern":24,"minecraft:coal":126,"minecraft:jukebox":1,"minecraft:iron_nugget":18,"minecraft:furnace":8,"tconstruct:repair_kit":14,"minecraft:lantern":1,"minecraft:ladder":6,"minecraft:spruce_slab":12,"minecraft:stone_pickaxe":2,"minecraft:redstone_block":8,"minecraft:dark_oak_planks":152,"minecraft:wheat":243,"minecraft:coal_block":14,"minecraft:stone_axe":1,"minecraft:amethyst_block":3,"tconstruct:pickadze":13,"minecraft:bread":69,"minecraft:air":46,"minecraft:oak_boat":1,"minecraft:white_wool":3,"minecraft:note_block":2,"minecraft:acacia_planks":4,"minecraft:torch":48},"minecraft:used":{"minecraft:spruce_slab":19,"minecraft:ladder":10,"minecraft:oak_sign":9,"minecraft:chest":35,"tconstruct:sword":64,"iammusicplayer:boombox":5,"minecraft:stripped_spruce_log":2,"minecraft:lava_bucket":1,"minecraft:lantern":1,"minecraft:sweet_berries":37,"minecraft:furnace":8,"tconstruct:plate_chestplate":1,"minecraft:gray_carpet":16,"minecraft:stone_pickaxe":247,"minecraft:oak_planks":17,"minecraft:wooden_pickaxe":42,"minecraft:composter":2,"minecraft:sugar_cane":15,"another_furniture:oak_chair":3,"minecraft:oak_leaves":4,"iammusicplayer:music_manager":1,"minecraft:golden_apple":2,"minecraft:glow_berries":2,"minecraft:blast_furnace":1,"minecraft:shears":4,"minecraft:dark_oak_log":5,"minecraft:bread":65,"minecraft:lectern":1,"minecraft:smithing_table":1,"minecraft:oak_boat":1,"tconstruct:plate_helmet":1,"minecraft:stone_shovel":1,"minecraft:spruce_planks":2,"minecraft:wooden_shovel":4,"simpletomb:grave_key":2,"minecraft:torch":22,"minecraft:dirt":586,"minecraft:hopper":3,"tconstruct:hand_axe":66,"minecraft:spruce_stairs":5,"minecraft:granite":3,"minecraft:barrel":5,"tconstruct:pickadze":541,"minecraft:cobbled_deepslate":20,"minecraft:water_bucket":4,"minecraft:cobblestone_stairs":10,"tconstruct:plate_leggings":1,"minecraft:oak_slab":9,"minecraft:crafting_table":6,"minecraft:white_bed":4,"minecraft:campfire":1,"minecraft:oak_log":4,"minecraft:oak_button":9,"minecraft:iron_pickaxe":188,"minecraft:spruce_trapdoor":11,"tconstruct:plate_boots":1,"minecraft:golden_leggings":1,"minecraft:stone_axe":46,"minecraft:cobblestone":42,"minecraft:cooked_porkchop":5,"minecraft:bucket":7,"minecraft:yellow_bed":3},"minecraft:dropped":{"majruszsaccessories:swimmer_guide":1,"minecraft:dark_oak_sapling":3,"minecraft:emerald":1,"minecraft:cobblestone_stairs":6,"minecraft:flint":3,"minecraft:gravel":29,"minecraft:stone_axe":1,"minecraft:iron_nugget":1,"minecraft:cobbled_deepslate":7,"minecraft:rotten_flesh":2,"minecraft:oak_planks":62,"travelersbackpack:white_sleeping_bag":1,"minecraft:acacia_sapling":2,"minecraft:chest":1,"minecraft:arrow":2,"iammusicplayer:cassette_tape":5,"minecraft:bread":11,"minecraft:wheat_seeds":1,"biomesoplenty:lavender":1,"minecraft:copper_ingot":25,"minecraft:stick":10,"minecraft:clay_ball":100,"minecraft:golden_leggings":1,"minecraft:oak_sapling":3,"minecraft:wooden_shovel":1,"minecraft:calcite":7},"minecraft:mined":{"minecraft:spruce_planks":12,"minecraft:white_bed":6,"minecraft:cobblestone_stairs":6,"minecraft:sculk_vein":3,"tconstruct:sky_slime_crystal_block":63,"minecraft:spruce_trapdoor":16,"minecraft:granite":36,"minecraft:budding_amethyst":1,"minecraft:grass_block":369,"iammusicplayer:boombox":4,"minecraft:composter":3,"minecraft:spawner":6,"minecraft:magma_block":5,"minecraft:iron_ore":47,"minecraft:cobbled_deepslate":16,"minecraft:barrel":1,"biomesoplenty:lavender":2,"minecraft:pumpkin":9,"minecraft:dirt_path":70,"minecraft:oak_stairs":9,"minecraft:spruce_slab":15,"minecraft:deepslate_redstone_ore":13,"minecraft:amethyst_cluster":3,"minecraft:clay":25,"minecraft:torch":2,"minecraft:blast_furnace":2,"minecraft:calcite":10,"minecraft:chest":23,"minecraft:cobblestone":24,"minecraft:grindstone":1,"minecraft:sugar_cane":6,"minecraft:oak_planks":36,"minecraft:wall_torch":2,"minecraft:amethyst_block":63,"minecraft:yellow_wool":3,"minecraft:tnt":1,"minecraft:grass":29,"minecraft:oak_log":3,"minecraft:sand":31,"minecraft:dirt":798,"minecraft:smooth_basalt":7,"minecraft:stonecutter":1,"minecraft:netherrack":22,"minecraft:oak_leaves":18,"minecraft:deepslate":518,"alexscaves:spelunkery_table":2,"minecraft:tuff":49,"minecraft:mossy_cobblestone":4,"minecraft:dark_oak_log":5,"minecraft:ladder":5,"minecraft:spruce_fence":1,"minecraft:spruce_leaves":6,"another_furniture:oak_chair":1,"minecraft:hay_block":23,"minecraft:redstone_ore":4,"minecraft:oak_trapdoor":5,"minecraft:furnace":8,"minecraft:andesite":6,"minecraft:stripped_spruce_log":28,"treechop:chopped_log":12,"minecraft:gold_block":3,"minecraft:bookshelf":12,"minecraft:deepslate_iron_ore":9,"minecraft:lantern":5,"minecraft:stripped_oak_log":1,"minecraft:stone":760,"minecraft:white_wool":3,"minecraft:light_gray_carpet":9,"minecraft:glass_pane":10,"minecraft:potted_lily_of_the_valley":1,"minecraft:spruce_door":1,"minecraft:crafting_table":3,"minecraft:emerald_ore":1,"minecraft:lectern":4,"minecraft:campfire":5,"minecraft:potted_oxeye_daisy":1,"minecraft:tall_grass":7,"minecraft:copper_ore":37,"minecraft:deepslate_gold_ore":30,"minecraft:sculk":7,"minecraft:diorite":47,"minecraft:spruce_stairs":7,"minecraft:sweet_berry_bush":3,"minecraft:yellow_bed":3,"minecraft:coal_ore":146,"minecraft:gravel":51,"minecraft:gray_carpet":17,"minecraft:cobweb":14,"minecraft:stone_bricks":1,"minecraft:gold_ore":3},"minecraft:picked_up":{"minecraft:wheat":2,"minecraft:flower_pot":3,"minecraft:yellow_wool":3,"minecraft:lead":2,"alexscaves:cave_tablet":8,"minecraft:oak_stairs":18,"tconstruct:plate_helmet":1,"minecraft:amethyst_block":61,"minecraft:string":19,"minecraft:raw_copper":407,"minecraft:beetroot":2,"majruszsaccessories:discount_voucher":1,"minecraft:cobbled_deepslate":156,"minecraft:spruce_planks":12,"minecraft:calcite":7,"minecraft:furnace":8,"minecraft:stick":47,"minecraft:composter":4,"minecraft:torch":6,"minecraft:acacia_log":15,"minecraft:spruce_stairs":7,"tconstruct:seared_faucet":1,"minecraft:diorite":83,"minecraft:stone_sword":1,"minecraft:rotten_flesh":2,"minecraft:iron_bars":3,"iammusicplayer:boombox":4,"minecraft:cobblestone":1472,"biomesoplenty:lavender":3,"minecraft:magma_block":5,"minecraft:andesite":17,"minecraft:flint":43,"minecraft:lapis_lazuli":44,"minecraft:dirt":1862,"minecraft:lantern":9,"tconstruct:plate_chestplate":1,"minecraft:bone":7,"tconstruct:plate_leggings":1,"minecraft:stonecutter":2,"minecraft:wheat_seeds":35,"minecraft:raw_gold":33,"minecraft:grindstone":2,"minecraft:oak_planks":157,"minecraft:sand":67,"minecraft:stripped_spruce_log":28,"minecraft:lily_of_the_valley":1,"minecraft:dark_oak_log":43,"minecraft:barrel":1,"minecraft:mossy_cobblestone":3,"minecraft:diamond":3,"minecraft:granite":79,"minecraft:golden_apple":1,"minecraft:emerald":1,"minecraft:oak_sapling":86,"minecraft:light_gray_carpet":9,"minecraft:netherrack":22,"minecraft:oak_leaves":4,"minecraft:charcoal":10,"minecraft:crafting_table":4,"minecraft:azure_bluet":2,"minecraft:ladder":5,"minecraft:clay_ball":100,"tconstruct:materials_and_you":1,"biomesoplenty:jacaranda_sapling":4,"tconstruct:sword":1,"minecraft:gold_block":3,"majruszsaccessories:swimmer_guide":2,"another_furniture:oak_chair":3,"minecraft:cornflower":2,"minecraft:oak_trapdoor":5,"minecraft:flint_and_steel":2,"tconstruct:copper_can":30,"minecraft:beef":16,"minecraft:iron_nugget":9,"minecraft:poppy":5,"minecraft:lectern":6,"minecraft:spruce_slab":15,"minecraft:sugar_cane":15,"minecraft:chest":23,"minecraft:spruce_trapdoor":16,"minecraft:dark_oak_sapling":3,"minecraft:raw_iron":100,"minecraft:oak_door":4,"minecraft:copper_ingot":29,"tconstruct:pickaxe":1,"minecraft:carrot":10,"minecraft:redstone":118,"minecraft:tnt":2,"minecraft:arrow":12,"minecraft:stone_shovel":1,"biomesoplenty:jacaranda_log":6,"minecraft:beetroot_seeds":4,"minecraft:hay_block":23,"alexscaves:spelunkery_table":3,"minecraft:white_wool":3,"minecraft:oxeye_daisy":4,"minecraft:stripped_oak_log":1,"minecraft:air":0,"minecraft:leather":8,"minecraft:oak_log":112,"minecraft:yellow_bed":3,"minecraft:cobblestone_stairs":6,"tconstruct:sky_slime_crystal_block":63,"tconstruct:seared_brick":357,"minecraft:stone_bricks":1,"minecraft:apple":5,"minecraft:gray_carpet":17,"minecraft:iron_ingot":10,"minecraft:acacia_sapling":6,"minecraft:book":68,"minecraft:oak_slab":31,"minecraft:smooth_basalt":2,"minecraft:pumpkin":9,"minecraft:sweet_berries":9,"minecraft:dandelion":9,"minecraft:gravel":39,"tconstruct:plate_boots":1,"minecraft:amethyst_shard":12,"minecraft:blast_furnace":2,"minecraft:white_bed":6,"minecraft:spruce_door":1,"minecraft:spider_eye":2,"biomesoplenty:flowering_oak_sapling":4,"tconstruct:gold_bars":1,"minecraft:stone_axe":2,"minecraft:painting":1,"minecraft:oak_button":13,"minecraft:coal":174},"minecraft:killed":{"minecraft:spider":8,"crittersandcompanions:leaf_insect":1,"minecraft:skeleton":6,"minecraft:zombie_villager":1,"minecraft:trader_llama":2,"minecraft:zombie":10},"minecraft:broken":{"minecraft:stone_pickaxe":2,"minecraft:wooden_pickaxe":1}},"DataVersion":3465}