{"stats":{"minecraft:crafted":{"tconstruct:pickaxe":1,"minecraft:oak_planks":172,"minecraft:barrel":4,"minecraft:iron_nugget":9,"another_furniture:oak_chair":3,"minecraft:furnace":8,"tconstruct:repair_kit":14,"tconstruct:pick_head":1,"tconstruct:tool_binding":2,"tconstruct:hand_axe":1,"minecraft:lantern":1,"minecraft:hopper":3,"tconstruct:adze_head":1,"minecraft:stone_pickaxe":2,"minecraft:chest":26,"minecraft:oak_button":22,"tconstruct:small_axe_head":1,"minecraft:dark_oak_planks":152,"minecraft:wheat":243,"minecraft:oak_slab":48,"minecraft:crafting_table":2,"minecraft:wooden_pickaxe":1,"tconstruct:tool_handle":2,"minecraft:copper_ingot":8,"minecraft:hay_block":4,"minecraft:campfire":1,"minecraft:stone_axe":1,"tconstruct:pickadze":13,"minecraft:bread":69,"minecraft:air":0,"minecraft:stick":40,"minecraft:iron_pickaxe":1,"minecraft:acacia_planks":4,"minecraft:torch":48},"minecraft:used":{"tconstruct:plate_helmet":1,"minecraft:chest":29,"simpletomb:grave_key":2,"minecraft:torch":8,"minecraft:dirt":568,"minecraft:hopper":3,"tconstruct:hand_axe":31,"minecraft:granite":3,"minecraft:barrel":4,"tconstruct:pickadze":541,"minecraft:furnace":8,"tconstruct:plate_chestplate":1,"minecraft:stone_pickaxe":247,"minecraft:oak_planks":4,"tconstruct:plate_leggings":1,"minecraft:wooden_pickaxe":42,"another_furniture:oak_chair":2,"minecraft:oak_slab":9,"minecraft:crafting_table":4,"minecraft:blast_furnace":1,"minecraft:white_bed":4,"minecraft:campfire":1,"minecraft:dark_oak_log":5,"minecraft:bread":40,"minecraft:oak_button":9,"minecraft:iron_pickaxe":188,"tconstruct:plate_boots":1,"minecraft:golden_leggings":1,"minecraft:stone_axe":46,"minecraft:cobblestone":31,"minecraft:yellow_bed":1},"minecraft:picked_up":{"minecraft:crafting_table":2,"minecraft:wheat":1,"minecraft:clay_ball":100,"minecraft:yellow_wool":3,"minecraft:oak_stairs":9,"tconstruct:sword":1,"tconstruct:plate_helmet":1,"another_furniture:oak_chair":1,"minecraft:string":1,"minecraft:raw_copper":122,"minecraft:beetroot":1,"minecraft:lectern":2,"minecraft:sugar_cane":5,"minecraft:chest":6,"minecraft:dark_oak_sapling":3,"minecraft:stick":30,"minecraft:raw_iron":32,"minecraft:oak_door":2,"minecraft:composter":1,"minecraft:copper_ingot":29,"minecraft:torch":2,"minecraft:acacia_log":1,"tconstruct:pickaxe":1,"minecraft:diorite":22,"minecraft:carrot":4,"minecraft:tnt":1,"minecraft:arrow":5,"minecraft:rotten_flesh":2,"minecraft:beetroot_seeds":2,"minecraft:hay_block":23,"alexscaves:spelunkery_table":1,"minecraft:cobblestone":574,"minecraft:white_wool":3,"biomesoplenty:lavender":1,"minecraft:andesite":6,"minecraft:flint":3,"minecraft:oak_log":69,"minecraft:yellow_bed":1,"minecraft:cobblestone_stairs":6,"minecraft:dirt":1193,"tconstruct:plate_chestplate":1,"minecraft:bone":4,"tconstruct:plate_leggings":1,"minecraft:apple":1,"minecraft:stonecutter":1,"minecraft:wheat_seeds":16,"minecraft:grindstone":1,"minecraft:oak_planks":28,"minecraft:acacia_sapling":2,"minecraft:book":24,"minecraft:gravel":32,"tconstruct:plate_boots":1,"minecraft:sand":30,"minecraft:blast_furnace":1,"minecraft:white_bed":4,"minecraft:dark_oak_log":43,"minecraft:granite":21,"minecraft:oak_sapling":21,"minecraft:coal":119},"minecraft:dropped":{"minecraft:bread":11,"minecraft:wheat_seeds":1,"minecraft:dark_oak_sapling":3,"biomesoplenty:lavender":1,"minecraft:copper_ingot":25,"minecraft:flint":3,"minecraft:cobblestone_stairs":6,"minecraft:gravel":29,"minecraft:stone_axe":1,"minecraft:iron_nugget":1,"minecraft:rotten_flesh":2,"minecraft:clay_ball":100,"minecraft:oak_sapling":3,"minecraft:golden_leggings":1,"minecraft:acacia_sapling":2},"minecraft:mined":{"alexscaves:spelunkery_table":1,"minecraft:white_bed":4,"minecraft:cobblestone_stairs":6,"minecraft:dark_oak_log":5,"minecraft:granite":21,"minecraft:grass_block":358,"minecraft:composter":1,"another_furniture:oak_chair":1,"minecraft:hay_block":23,"minecraft:iron_ore":32,"minecraft:andesite":6,"treechop:chopped_log":6,"minecraft:bookshelf":8,"minecraft:dirt_path":69,"minecraft:oak_stairs":9,"minecraft:stone":559,"minecraft:white_wool":3,"minecraft:clay":25,"minecraft:crafting_table":2,"minecraft:blast_furnace":1,"minecraft:chest":6,"minecraft:lectern":2,"minecraft:copper_ore":37,"minecraft:tall_grass":7,"minecraft:cobblestone":13,"minecraft:grindstone":1,"minecraft:oak_planks":32,"minecraft:sugar_cane":1,"minecraft:diorite":22,"minecraft:wall_torch":1,"minecraft:yellow_wool":3,"minecraft:tnt":1,"minecraft:yellow_bed":1,"minecraft:grass":24,"minecraft:coal_ore":119,"minecraft:gravel":33,"minecraft:sand":31,"minecraft:dirt":774,"minecraft:cobweb":1,"minecraft:stonecutter":1,"minecraft:oak_leaves":1},"minecraft:killed":{"minecraft:skeleton":4,"minecraft:zombie_villager":1,"minecraft:zombie":1},"minecraft:broken":{"minecraft:wooden_pickaxe":1,"minecraft:stone_pickaxe":2},"minecraft:custom":{"minecraft:mob_kills":6,"minecraft:interact_with_crafting_table":18,"minecraft:open_barrel":2,"minecraft:leave_game":2,"minecraft:time_since_death":5485,"minecraft:sprint_one_cm":176004,"minecraft:walk_one_cm":420763,"minecraft:drop":27,"minecraft:play_time":171869,"minecraft:deaths":2,"minecraft:sneak_time":3611,"minecraft:walk_under_water_one_cm":24503,"minecraft:jump":1220,"minecraft:interact_with_blast_furnace":4,"minecraft:walk_on_water_one_cm":26651,"minecraft:total_world_time":171869,"minecraft:interact_with_furnace":12,"minecraft:sleep_in_bed":4,"minecraft:time_since_rest":5352,"minecraft:damage_taken":2384,"minecraft:damage_dealt":1250,"minecraft:swim_one_cm":69669,"minecraft:fly_one_cm":225744,"minecraft:open_chest":89,"minecraft:crouch_one_cm":9780,"waystones:waystone_activated":1,"minecraft:fall_one_cm":34790}},"DataVersion":3465}