{"stats":{"minecraft:picked_up":{"minecraft:smithing_table":1,"minecraft:wheat":35,"minecraft:redstone_block":1,"minecraft:creeper_head":2,"minecraft:flower_pot":3,"minecraft:suspicious_stew":1,"minecraft:yellow_wool":3,"minecraft:lead":2,"biomesoplenty:red_maple_sapling":15,"alexscaves:cave_tablet":8,"minecraft:oak_stairs":18,"minecraft:enchanted_book":3,"tconstruct:plate_helmet":2,"minecraft:stone_brick_stairs":42,"minecraft:brewing_stand":4,"biomesoplenty:rainbow_birch_sapling":6,"minecraft:amethyst_block":127,"minecraft:lapis_block":2,"minecraft:string":33,"minecraft:raw_copper":557,"minecraft:red_candle":1,"minecraft:sticky_piston":21,"minecraft:beetroot":2,"majruszsaccessories:discount_voucher":4,"cold_sweat:chameleon_molt":7,"minecraft:gold_nugget":24,"minecraft:cobbled_deepslate":2317,"minecraft:comparator":8,"biomesoplenty:fir_planks":2,"minecraft:spruce_planks":21,"minecraft:redstone_torch":2,"minecraft:cobblestone_slab":3,"minecraft:calcite":11,"minecraft:coal_block":8,"cold_sweat:thermolith":1,"minecraft:furnace":8,"minecraft:stick":92,"minecraft:sheaf_pottery_sherd":2,"minecraft:composter":6,"minecraft:torch":11,"minecraft:acacia_log":15,"minecraft:spruce_stairs":7,"minecraft:cherry_log":13,"tconstruct:seared_faucet":1,"minecraft:pointed_dripstone":46,"minecraft:diorite":110,"minecraft:stone_sword":1,"minecraft:cactus":3,"minecraft:rotten_flesh":33,"biomesoplenty:fir_slab":7,"minecraft:obsidian":87,"minecraft:iron_bars":4,"simpleplanes:cargo_plane":1,"iammusicplayer:boombox":6,"biomesoplenty:orange_cosmos":3,"minecraft:cobblestone":1794,"minecraft:birch_log":16,"biomesoplenty:lavender":3,"cold_sweat:goat_fur":1,"minecraft:magma_block":5,"minecraft:feather":5,"minecraft:repeater":8,"minecraft:andesite":34,"minecraft:jungle_log":63,"minecraft:smoker":1,"minecraft:potato":11,"biomesoplenty:fir_sapling":43,"biomesoplenty:fir_log":203,"minecraft:flint":50,"minecraft:tuff":77,"minecraft:danger_pottery_sherd":1,"naturalist:lizard_tail":1,"minecraft:lapis_lazuli":447,"minecraft:dirt":2069,"minecraft:lantern":9,"tconstruct:plate_chestplate":3,"biomesoplenty:snowblossom_sapling":9,"minecraft:bone":37,"tconstruct:plate_leggings":3,"minecraft:stonecutter":2,"minecraft:wheat_seeds":50,"minecraft:raw_gold":113,"minecraft:grindstone":2,"minecraft:mossy_stone_bricks":41,"minecraft:bamboo":15,"minecraft:glowstone_dust":3,"naturalist:snail_shell":2,"minecraft:oak_planks":157,"biomesoplenty:toadstool":2,"minecraft:cooked_porkchop":6,"betterarcheology:evoker_trap":7,"minecraft:oak_pressure_plate":2,"betterarcheology:artifact_shards":8,"minecraft:sand":67,"minecraft:stripped_spruce_log":28,"minecraft:grass_block":1,"minecraft:lily_of_the_valley":1,"minecraft:dark_oak_log":96,"minecraft:barrel":1,"minecraft:mossy_cobblestone":30,"minecraft:dark_prismarine":1,"minecraft:polished_andesite":2,"minecraft:blue_terracotta":1,"minecraft:sugar":1,"minecraft:light_blue_terracotta":9,"minecraft:diamond":219,"waystones:waystone":2,"minecraft:granite":92,"simpleplanes:large_plane":4,"minecraft:golden_apple":1,"minecraft:emerald":21,"biomesoplenty:pink_daffodil":3,"minecraft:oak_sapling":86,"minecraft:light_gray_carpet":9,"minecraft:netherrack":24,"minecraft:oak_leaves":4,"minecraft:crimson_roots":1,"minecraft:charcoal":10,"minecraft:cocoa_beans":13,"minecraft:crafting_table":9,"minecraft:azure_bluet":2,"minecraft:ladder":8,"minecraft:clay_ball":100,"minecraft:brown_mushroom":1,"tconstruct:materials_and_you":1,"majruszsaccessories:swimmer_guide":2,"tconstruct:sword":1,"minecraft:gold_block":15,"biomesoplenty:jacaranda_sapling":9,"another_furniture:oak_chair":3,"minecraft:cornflower":3,"minecraft:oak_trapdoor":5,"minecraft:flint_and_steel":2,"tconstruct:copper_can":30,"biomesoplenty:maple_planks":81,"naturalist:bushmeat":1,"minecraft:candle":7,"biomesoplenty:black_sand":389,"minecraft:beef":22,"minecraft:observer":14,"minecraft:jungle_sapling":7,"minecraft:iron_nugget":33,"minecraft:poppy":10,"minecraft:spruce_slab":16,"minecraft:lectern":6,"minecraft:sugar_cane":96,"minecraft:chest":27,"minecraft:birch_sapling":3,"crittersandcompanions:clam":1,"minecraft:spruce_trapdoor":16,"minecraft:dark_oak_sapling":8,"minecraft:raw_iron":125,"minecraft:oak_door":4,"minecraft:copper_ingot":32,"tconstruct:pickaxe":2,"minecraft:note_block":1,"minecraft:cake":3,"minecraft:carrot":18,"minecraft:redstone":546,"minecraft:stone_pressure_plate":4,"minecraft:tnt":5,"minecraft:arrow":18,"minecraft:stone_shovel":1,"biomesoplenty:jacaranda_log":10,"minecraft:beetroot_seeds":10,"majruszsaccessories:lucky_rock":7,"crittersandcompanions:silk":10,"minecraft:hay_block":24,"alexscaves:spelunkery_table":4,"minecraft:oxeye_daisy":4,"minecraft:skeleton_skull":5,"minecraft:white_wool":3,"minecraft:heartbreak_pottery_sherd":1,"minecraft:stripped_oak_log":2,"minecraft:air":0,"minecraft:mud_bricks":2,"minecraft:burn_pottery_sherd":1,"minecraft:tripwire_hook":3,"minecraft:leather":15,"minecraft:red_mushroom":17,"minecraft:oak_log":114,"minecraft:yellow_bed":3,"minecraft:cobblestone_stairs":9,"tconstruct:sky_slime_crystal_block":63,"tconstruct:seared_brick":357,"minecraft:cooked_mutton":6,"minecraft:gray_carpet":17,"minecraft:apple":8,"minecraft:stone_bricks":55,"minecraft:kelp":4,"minecraft:rabbit_hide":3,"biomesoplenty:maple_log":38,"minecraft:iron_ingot":28,"minecraft:acacia_sapling":6,"minecraft:book":74,"minecraft:oak_slab":31,"minecraft:polished_andesite_stairs":2,"minecraft:smooth_basalt":2,"minecraft:emerald_block":10,"minecraft:pumpkin":9,"minecraft:sweet_berries":9,"minecraft:chiseled_stone_bricks":6,"minecraft:quartz":6,"minecraft:dandelion":9,"minecraft:gravel":72,"tconstruct:plate_boots":3,"betterarcheology:villager_fossil_body":2,"minecraft:amethyst_shard":12,"minecraft:spruce_sapling":2,"minecraft:blast_furnace":5,"betterarcheology:villager_fossil_head":3,"minecraft:white_bed":6,"minecraft:spruce_log":73,"minecraft:crying_obsidian":5,"minecraft:spider_eye":7,"minecraft:spruce_door":1,"minecraft:archer_pottery_sherd":1,"biomesoplenty:flowering_oak_sapling":4,"minecraft:brewer_pottery_sherd":2,"minecraft:pumpkin_seeds":6,"tconstruct:gold_bars":1,"minecraft:slime_ball":4,"minecraft:stone_axe":2,"minecraft:painting":1,"minecraft:oak_button":13,"minecraft:melon_seeds":23,"minecraft:coal":337,"minecraft:hopper":7,"minecraft:ender_pearl":1},"minecraft:mined":{"biomesoplenty:mossy_black_sand":47,"minecraft:spruce_planks":21,"minecraft:white_bed":6,"minecraft:stone_pressure_plate":5,"minecraft:sculk_vein":3,"minecraft:cobblestone_stairs":8,"tconstruct:sky_slime_crystal_block":63,"minecraft:brewing_stand":4,"minecraft:obsidian":76,"minecraft:spruce_trapdoor":16,"minecraft:granite":56,"minecraft:budding_amethyst":1,"minecraft:grass_block":425,"biomesoplenty:fir_slab":4,"minecraft:infested_cobblestone":9,"minecraft:oak_pressure_plate":2,"minecraft:coal_block":8,"iammusicplayer:boombox":6,"betterarcheology:villager_fossil_body":2,"minecraft:mud_bricks":2,"minecraft:composter":5,"minecraft:hopper":7,"minecraft:chiseled_stone_bricks":8,"minecraft:spawner":12,"minecraft:tall_seagrass":1,"minecraft:magma_block":5,"minecraft:glowstone":1,"biomesoplenty:orange_cosmos":3,"minecraft:iron_ore":48,"minecraft:barrel":1,"minecraft:sticky_piston":21,"minecraft:fire":2,"minecraft:cobbled_deepslate":33,"biomesoplenty:lavender":2,"minecraft:pumpkin":9,"minecraft:deepslate_lapis_ore":35,"minecraft:pointed_dripstone":46,"minecraft:dirt_path":70,"minecraft:iron_bars":1,"minecraft:oak_stairs":9,"betterarcheology:loot_vase":16,"minecraft:spruce_slab":16,"minecraft:tripwire":7,"minecraft:deepslate_redstone_ore":69,"minecraft:kelp_plant":9,"minecraft:smoker":1,"minecraft:amethyst_cluster":3,"minecraft:clay":25,"minecraft:torch":6,"minecraft:note_block":1,"minecraft:blast_furnace":5,"minecraft:calcite":14,"minecraft:polished_andesite_stairs":2,"minecraft:chest":27,"minecraft:nether_quartz_ore":6,"minecraft:cobblestone":145,"minecraft:oak_planks":36,"minecraft:grindstone":1,"minecraft:sugar_cane":10,"minecraft:iron_door":1,"minecraft:wall_torch":2,"minecraft:amethyst_block":129,"minecraft:skeleton_skull":5,"minecraft:seagrass":3,"minecraft:light_blue_terracotta":10,"minecraft:repeater":8,"minecraft:red_candle":1,"minecraft:blue_terracotta":1,"minecraft:yellow_wool":3,"biomesoplenty:maple_planks":84,"minecraft:tnt":4,"biomesoplenty:fir_log":19,"minecraft:stone_brick_stairs":43,"minecraft:infested_mossy_stone_bricks":1,"minecraft:grass":71,"biomesoplenty:clover":1,"minecraft:oak_log":3,"minecraft:sand":32,"minecraft:dirt":876,"minecraft:infested_cracked_stone_bricks":1,"minecraft:smooth_basalt":7,"minecraft:tripwire_hook":3,"minecraft:stonecutter":1,"minecraft:netherrack":24,"betterarcheology:villager_fossil_head":3,"minecraft:oak_leaves":18,"minecraft:deepslate":2724,"minecraft:emerald_block":10,"minecraft:dark_prismarine":1,"alexscaves:spelunkery_table":3,"minecraft:crying_obsidian":5,"minecraft:tuff":126,"minecraft:mossy_cobblestone":32,"minecraft:deepslate_diamond_ore":165,"minecraft:candle":3,"minecraft:dark_oak_log":5,"minecraft:ladder":8,"minecraft:chiseled_bookshelf":3,"minecraft:spruce_fence":1,"minecraft:decorated_pot":2,"minecraft:redstone_wire":14,"minecraft:spruce_leaves":9,"minecraft:kelp":4,"another_furniture:oak_chair":1,"minecraft:hay_block":25,"minecraft:redstone_ore":4,"minecraft:oak_trapdoor":5,"minecraft:furnace":8,"minecraft:andesite":23,"minecraft:stripped_spruce_log":28,"treechop:chopped_log":33,"minecraft:gold_block":15,"minecraft:mossy_stone_brick_stairs":1,"minecraft:bookshelf":14,"minecraft:cobblestone_slab":4,"minecraft:deepslate_iron_ore":20,"biomesoplenty:high_grass":12,"minecraft:vine":10,"crittersandcompanions:silk_cocoon":3,"minecraft:lantern":5,"minecraft:stripped_oak_log":2,"minecraft:bamboo":1,"minecraft:stone":965,"minecraft:white_wool":3,"minecraft:smithing_table":1,"minecraft:light_gray_carpet":9,"minecraft:redstone_block":1,"minecraft:glass_pane":10,"minecraft:comparator":8,"minecraft:potted_lily_of_the_valley":1,"minecraft:observer":14,"biomesoplenty:black_sand":336,"minecraft:spruce_door":1,"minecraft:crafting_table":8,"minecraft:emerald_ore":1,"biomesoplenty:fir_planks":2,"minecraft:campfire":5,"minecraft:lectern":4,"biomesoplenty:high_grass_plant":31,"minecraft:potted_oxeye_daisy":1,"minecraft:copper_ore":63,"minecraft:tall_grass":11,"biomesoplenty:huge_clover_petal":4,"biomesoplenty:sprout":2,"minecraft:deepslate_gold_ore":63,"minecraft:sculk":7,"minecraft:diorite":74,"minecraft:spruce_stairs":7,"minecraft:cactus":2,"betterarcheology:loot_vase_creeper":9,"biomesoplenty:pink_daffodil":3,"minecraft:sweet_berry_bush":3,"minecraft:creeper_head":2,"minecraft:yellow_bed":3,"minecraft:coal_ore":193,"minecraft:cocoa":1,"betterarcheology:evoker_trap":7,"minecraft:gravel":83,"minecraft:gray_carpet":17,"minecraft:cobweb":14,"minecraft:cracked_stone_bricks":1,"minecraft:polished_andesite":2,"minecraft:stone_bricks":57,"cold_sweat:thermolith":1,"minecraft:mossy_stone_bricks":43,"minecraft:gold_ore":13,"minecraft:fern":8},"minecraft:crafted":{"minecraft:oak_planks":239,"iammusicplayer:music_manager":1,"minecraft:cobblestone_slab":6,"minecraft:barrel":4,"minecraft:oak_sign":15,"cold_sweat:thermolith":1,"iammusicplayer:boombox":1,"another_furniture:oak_chair":3,"minecraft:stone":160,"minecraft:cobblestone_stairs":12,"tconstruct:pick_head":1,"tconstruct:tool_binding":2,"cold_sweat:icebox":1,"tconstruct:hand_axe":6,"minecraft:cake":7,"minecraft:hopper":3,"minecraft:stone_brick_slab":6,"hole_filler_mod:throwable_hole_filler":16,"tconstruct:adze_head":1,"simpleplanes:large_plane":1,"biomesoplenty:fir_slab":54,"tconstruct:seared_brick":6,"minecraft:chest":27,"cold_sweat:sewing_table":1,"minecraft:oak_button":23,"tconstruct:small_axe_head":1,"minecraft:stone_bricks":160,"minecraft:oak_slab":48,"minecraft:wooden_shovel":1,"travelersbackpack:iron_tier_upgrade":1,"minecraft:emerald":285,"biomesoplenty:jacaranda_planks":16,"minecraft:crafting_table":6,"minecraft:spruce_planks":404,"iammusicplayer:cassette_tape":5,"minecraft:wooden_pickaxe":1,"travelersbackpack:standard":1,"minecraft:smithing_table":1,"tconstruct:tool_handle":2,"minecraft:copper_ingot":72,"minecraft:hay_block":4,"minecraft:campfire":1,"biomesoplenty:fir_planks":124,"minecraft:stone_brick_stairs":84,"minecraft:light_weighted_pressure_plate":3,"minecraft:stick":104,"minecraft:iron_ingot":10,"minecraft:iron_pickaxe":2,"minecraft:shears":1,"minecraft:golden_carrot":249,"tconstruct:pickaxe":32,"tconstruct:pattern":24,"minecraft:cookie":144,"minecraft:redstone":9,"minecraft:coal":126,"minecraft:jukebox":1,"minecraft:iron_nugget":18,"simpleplanes:booster":1,"simpleplanes:plane_workbench":1,"biomesoplenty:maple_planks":152,"minecraft:furnace":8,"tconstruct:repair_kit":14,"minecraft:bone_meal":27,"minecraft:lantern":1,"minecraft:spruce_stairs":80,"minecraft:iron_axe":1,"minecraft:ladder":6,"minecraft:spruce_slab":12,"minecraft:stone_pickaxe":2,"simpleplanes:propeller":6,"minecraft:redstone_block":8,"minecraft:dark_oak_planks":152,"minecraft:wheat":243,"minecraft:coal_block":14,"simpleplanes:furnace_engine":1,"minecraft:bucket":1,"minecraft:stone_axe":1,"minecraft:amethyst_block":3,"tconstruct:pickadze":13,"minecraft:bread":129,"minecraft:air":46,"cold_sweat:thermometer":1,"minecraft:oak_boat":1,"simpleplanes:cargo_plane":1,"minecraft:white_wool":3,"minecraft:iron_shovel":1,"minecraft:pumpkin_pie":52,"minecraft:note_block":2,"minecraft:acacia_planks":4,"minecraft:torch":328,"biomesoplenty:maple_door":3},"minecraft:dropped":{"minecraft:oak_pressure_plate":1,"naturalist:snail_shell":1,"minecraft:lapis_lazuli":3,"majruszsaccessories:swimmer_guide":1,"minecraft:dark_oak_sapling":3,"minecraft:archer_pottery_sherd":1,"tconstruct:plate_leggings":2,"minecraft:flint":3,"minecraft:cobblestone_stairs":6,"minecraft:emerald":1,"minecraft:dirt":1,"tconstruct:repair_kit":5,"tconstruct:plate_boots":2,"minecraft:gold_nugget":21,"biomesoplenty:maple_planks":4,"minecraft:danger_pottery_sherd":1,"minecraft:gravel":48,"tconstruct:pickaxe":1,"minecraft:stone_axe":3,"minecraft:iron_nugget":1,"minecraft:cobbled_deepslate":1457,"minecraft:wheat":24,"minecraft:obsidian":87,"tconstruct:sky_slime_sapling":1,"minecraft:rotten_flesh":2,"minecraft:oak_planks":62,"minecraft:carrot":4,"minecraft:poppy":2,"minecraft:tipped_arrow":12,"travelersbackpack:white_sleeping_bag":1,"minecraft:melon_seeds":6,"minecraft:acacia_sapling":2,"minecraft:chest":1,"tconstruct:plate_chestplate":2,"minecraft:arrow":9,"iammusicplayer:cassette_tape":5,"minecraft:crying_obsidian":3,"majruszsaccessories:lucky_rock":1,"minecraft:enchanted_book":3,"minecraft:iron_ingot":1,"minecraft:bread":11,"minecraft:wheat_seeds":2,"majruszsaccessories:discount_voucher":1,"minecraft:poisonous_potato":4,"biomesoplenty:lavender":1,"minecraft:cobblestone":60,"minecraft:copper_ingot":25,"minecraft:burn_pottery_sherd":1,"minecraft:stick":10,"minecraft:diorite":14,"minecraft:golden_carrot":9,"tconstruct:plate_helmet":1,"tconstruct:sky_slime_grass_seeds":2,"minecraft:iron_shovel":1,"minecraft:tripwire_hook":2,"minecraft:redstone":4,"minecraft:stone_sword":1,"minecraft:tuff":71,"minecraft:stone_shovel":1,"minecraft:clay_ball":100,"minecraft:pumpkin_seeds":6,"minecraft:suspicious_stew":1,"minecraft:filled_map":2,"minecraft:potato":9,"minecraft:mossy_stone_bricks":7,"minecraft:cake":3,"tconstruct:melting_pan":1,"minecraft:golden_leggings":1,"minecraft:oak_sapling":3,"minecraft:wooden_shovel":1,"minecraft:stone_bricks":10,"minecraft:calcite":11,"minecraft:heartbreak_pottery_sherd":1},"minecraft:broken":{"minecraft:stone_pickaxe":2,"minecraft:wooden_pickaxe":1},"minecraft:custom":{"minecraft:interact_with_crafting_table":56,"minecraft:open_barrel":91,"minecraft:eat_cake_slice":5,"minecraft:leave_game":8,"minecraft:time_since_death":92961,"minecraft:sprint_one_cm":1807522,"minecraft:drop":154,"minecraft:play_noteblock":3,"minecraft:talked_to_villager":25,"minecraft:play_time":920159,"minecraft:deaths":4,"minecraft:jump":8456,"minecraft:interact_with_brewingstand":1,"minecraft:walk_on_water_one_cm":167803,"minecraft:interact_with_furnace":35,"minecraft:traded_with_villager":412,"minecraft:sleep_in_bed":16,"minecraft:damage_dealt":21395,"minecraft:crouch_one_cm":70562,"waystones:waystone_activated":5,"minecraft:interact_with_smoker":3,"minecraft:inspect_dispenser":16,"minecraft:interact_with_smithing_table":1,"minecraft:inspect_dropper":8,"minecraft:mob_kills":119,"minecraft:climb_one_cm":40026,"minecraft:walk_one_cm":1969954,"minecraft:sneak_time":23040,"minecraft:walk_under_water_one_cm":135562,"minecraft:boat_one_cm":530,"minecraft:interact_with_blast_furnace":12,"minecraft:total_world_time":920159,"minecraft:time_since_rest":93749,"minecraft:damage_absorbed":40,"minecraft:damage_taken":14872,"minecraft:trigger_trapped_chest":5,"minecraft:swim_one_cm":350134,"minecraft:fly_one_cm":1712753,"minecraft:open_chest":676,"minecraft:fall_one_cm":206231},"minecraft:killed":{"minecraft:witch":2,"minecraft:spider":13,"crittersandcompanions:leaf_insect":1,"naturalist:robin":3,"naturalist:boar":2,"naturalist:snail":5,"minecraft:skeleton":14,"minecraft:silverfish":11,"minecraft:zombie_villager":3,"naturalist:snake":4,"minecraft:iron_golem":3,"minecraft:trader_llama":2,"minecraft:goat":1,"minecraft:zombie":34,"minecraft:cow":4,"cold_sweat:chameleon":7,"naturalist:tortoise":1,"minecraft:drowned":2,"naturalist:giraffe":1,"naturalist:lizard_tail":1,"naturalist:lizard":1,"minecraft:enderman":2},"minecraft:used":{"minecraft:iron_shovel":171,"minecraft:spruce_slab":20,"minecraft:oak_sign":9,"minecraft:ladder":12,"minecraft:chest":35,"iammusicplayer:boombox":6,"tconstruct:sword":65,"minecraft:stripped_spruce_log":2,"minecraft:lava_bucket":1,"minecraft:lantern":9,"biomesoplenty:fir_sapling":4,"minecraft:stone_brick_stairs":92,"minecraft:stone_bricks":41,"minecraft:sweet_berries":37,"minecraft:furnace":8,"tconstruct:plate_chestplate":1,"minecraft:skeleton_skull":1,"minecraft:mossy_stone_bricks":16,"biomesoplenty:maple_planks":182,"minecraft:stone_pickaxe":247,"minecraft:gray_carpet":17,"minecraft:oak_planks":17,"minecraft:sugar_cane":15,"minecraft:wooden_pickaxe":42,"minecraft:composter":3,"biomesoplenty:fir_planks":56,"minecraft:glow_berries":2,"minecraft:golden_apple":2,"iammusicplayer:music_manager":1,"minecraft:oak_leaves":4,"another_furniture:oak_chair":3,"minecraft:blast_furnace":1,"minecraft:shears":4,"waystones:waystone":2,"minecraft:crying_obsidian":2,"minecraft:dark_oak_log":5,"cold_sweat:sewing_table":1,"minecraft:bread":67,"cold_sweat:thermolith":1,"minecraft:lectern":1,"biomesoplenty:red_maple_sapling":4,"simpleplanes:plane_workbench":1,"simpleplanes:large_plane":5,"minecraft:smithing_table":2,"minecraft:andesite":6,"minecraft:oak_boat":1,"minecraft:bone_meal":22,"tconstruct:plate_helmet":1,"minecraft:stone_shovel":1,"minecraft:spruce_planks":37,"minecraft:wooden_shovel":4,"minecraft:cooked_salmon":1,"tconstruct:pickaxe":13,"simpletomb:grave_key":4,"minecraft:torch":308,"minecraft:brewing_stand":1,"minecraft:dirt":847,"minecraft:hopper":3,"minecraft:spruce_stairs":77,"tconstruct:hand_axe":499,"minecraft:granite":3,"cold_sweat:icebox":1,"minecraft:mud_bricks":1,"minecraft:barrel":5,"tconstruct:pickadze":541,"alexscaves:spelunkery_table":1,"minecraft:golden_carrot":120,"minecraft:stone_pressure_plate":1,"simpleplanes:cargo_plane":1,"minecraft:cobbled_deepslate":140,"biomesoplenty:black_sand":1,"minecraft:water_bucket":40,"minecraft:cobblestone_stairs":10,"minecraft:polished_andesite":1,"minecraft:baked_potato":3,"tconstruct:plate_leggings":1,"minecraft:mossy_cobblestone":1,"biomesoplenty:fir_slab":59,"minecraft:crafting_table":12,"minecraft:oak_slab":9,"minecraft:white_bed":4,"minecraft:campfire":1,"biomesoplenty:maple_door":2,"minecraft:cake":7,"minecraft:smoker":1,"minecraft:oak_log":4,"minecraft:diamond_shovel":386,"minecraft:iron_pickaxe":188,"minecraft:oak_button":9,"minecraft:spruce_trapdoor":11,"tconstruct:plate_boots":1,"minecraft:spruce_sapling":2,"minecraft:golden_leggings":1,"minecraft:stone_axe":46,"minecraft:cobblestone":88,"travelersbackpack:standard":2,"minecraft:cooked_porkchop":14,"minecraft:bucket":44,"minecraft:pumpkin_pie":1,"minecraft:yellow_bed":3,"biomesoplenty:fir_log":69}},"DataVersion":3465}