{"stats":{"minecraft:picked_up":{"minecraft:azure_bluet":3,"minecraft:poppy":2,"minecraft:wheat_seeds":78,"minecraft:cornflower":2,"minecraft:dandelion":11,"minecraft:oxeye_daisy":1},"minecraft:used":{"minecraft:torch":85,"minecraft:dirt":16,"minecraft:dirt_path":2,"minecraft:spruce_sapling":19,"minecraft:grass_block":1},"minecraft:custom":{"minecraft:jump":30,"minecraft:time_since_rest":14761,"minecraft:leave_game":1,"minecraft:crouch_one_cm":257,"minecraft:sprint_one_cm":9011,"minecraft:play_time":14761,"minecraft:walk_on_water_one_cm":2068,"minecraft:time_since_death":14761,"minecraft:walk_one_cm":12797,"minecraft:sneak_time":341,"minecraft:total_world_time":15249,"minecraft:walk_under_water_one_cm":1053,"minecraft:fly_one_cm":249266}},"DataVersion":3465}