{"stats":{"minecraft:killed":{"naturalist:zebra":3,"minecraft:spider":10,"naturalist:boar":18,"naturalist:snail":7,"minecraft:skeleton":10,"minecraft:chicken":5,"minecraft:magma_cube":15,"minecraft:piglin":1,"minecraft:pig":5,"minecraft:zombie_villager":2,"naturalist:snake":1,"minecraft:creeper":8,"naturalist:rhino":8,"minecraft:sheep":5,"naturalist:alligator":2,"minecraft:donkey":2,"minecraft:zombie":27,"minecraft:cow":8,"naturalist:lion":7,"minecraft:horse":4,"naturalist:deer":6,"naturalist:bass":1,"minecraft:drowned":1,"naturalist:cardinal":7,"naturalist:giraffe":10,"naturalist:butterfly":2,"minecraft:squid":6,"naturalist:finch":1,"naturalist:lizard":2,"naturalist:sparrow":2,"minecraft:enderman":1},"minecraft:picked_up":{"minecraft:music_disc_strad":1,"minecraft:wheat":11,"tconstruct:cast_chest":3,"minecraft:flower_pot":2,"minecraft:yellow_wool":6,"crittersandcompanions:silk_cocoon":3,"minecraft:amethyst_block":64,"minecraft:string":9,"minecraft:raw_copper":363,"tconstruct:hand_axe":1,"minecraft:zombie_head":1,"majruszsaccessories:discount_voucher":3,"minecraft:gold_nugget":6,"minecraft:cobbled_deepslate":3722,"minecraft:spruce_planks":11,"tconstruct:shield_core":1,"minecraft:rose_bush":30,"minecraft:calcite":15,"minecraft:furnace":3,"minecraft:stick":56,"minecraft:composter":1,"minecraft:torch":126,"minecraft:spruce_stairs":2,"minecraft:porkchop":9,"tconstruct:seared_faucet":5,"minecraft:pointed_dripstone":3,"minecraft:diorite":79,"minecraft:cauldron":3,"majruszsaccessories:dream_catcher":1,"tconstruct:tool_binding":2,"minecraft:cactus":1,"minecraft:rotten_flesh":58,"minecraft:red_tulip":1,"minecraft:obsidian":139,"minecraft:iron_bars":2,"minecraft:cobblestone":1330,"biomesoplenty:lavender":1,"tconstruct:seared_bricks":15,"minecraft:feather":22,"minecraft:magma_cream":2,"minecraft:andesite":105,"minecraft:golden_leggings":1,"minecraft:potato":23,"minecraft:flint":100,"minecraft:tuff":285,"minecraft:lapis_lazuli":231,"minecraft:dirt":578,"minecraft:lantern":5,"minecraft:bone":43,"minecraft:wheat_seeds":38,"minecraft:raw_gold":130,"tconstruct:seared_table":4,"naturalist:snail_shell":1,"minecraft:moss_block":2,"naturalist:fur":12,"tconstruct:sky_slime_sapling":2,"minecraft:oak_planks":4,"minecraft:honeycomb":3,"minecraft:cooked_porkchop":37,"minecraft:sand":505,"minecraft:ink_sac":9,"minecraft:barrel":7,"travelersbackpack:white_sleeping_bag":1,"minecraft:diamond":44,"tconstruct:seared_basin":2,"minecraft:lever":4,"waystones:waystone":2,"minecraft:writable_book":2,"minecraft:granite":318,"minecraft:grass":2,"tconstruct:tinkers_chest":1,"minecraft:emerald":15,"minecraft:bread":27,"minecraft:oak_sapling":52,"minecraft:oak_leaves":49,"minecraft:charcoal":4,"tconstruct:crafting_station":2,"minecraft:crafting_table":19,"minecraft:azure_bluet":2,"minecraft:chicken":6,"minecraft:clay_ball":504,"naturalist:venison":10,"tconstruct:materials_and_you":1,"tconstruct:tinkers_anvil":1,"majruszsaccessories:swimmer_guide":2,"another_furniture:oak_chair":1,"minecraft:cornflower":9,"tconstruct:copper_can":30,"tconstruct:repair_kit":14,"naturalist:bushmeat":31,"minecraft:beef":15,"minecraft:poppy":12,"minecraft:sugar_cane":27,"minecraft:chest":7,"minecraft:spruce_trapdoor":2,"minecraft:egg":3,"minecraft:raw_iron":101,"tconstruct:raw_cobalt":3,"minecraft:copper_ingot":55,"tconstruct:pickaxe":2,"tconstruct:earth_slime_grass_seeds":3,"minecraft:redstone":950,"minecraft:carrot":17,"minecraft:beetroot_seeds":3,"tconstruct:melting_pan":1,"minecraft:arrow":10,"majruszsaccessories:lucky_rock":4,"tconstruct:tinker_station":2,"minecraft:hay_block":39,"tconstruct:part_chest":4,"minecraft:mutton":8,"minecraft:white_wool":9,"minecraft:oxeye_daisy":4,"minecraft:golden_carrot":9,"tconstruct:part_builder":4,"minecraft:leather":70,"tconstruct:helmet_plating_cast":1,"minecraft:oak_log":92,"tconstruct:tool_handle":3,"minecraft:yellow_bed":8,"minecraft:gunpowder":14,"minecraft:cobblestone_stairs":23,"tconstruct:sky_slime_crystal_block":63,"naturalist:bass":1,"minecraft:apple":15,"tconstruct:seared_heater":2,"minecraft:kelp":201,"tconstruct:sky_slime_grass_seeds":15,"minecraft:iron_ingot":24,"minecraft:book":15,"minecraft:smooth_basalt":6,"minecraft:pumpkin":19,"minecraft:sweet_berries":79,"minecraft:dandelion":14,"minecraft:gravel":1022,"minecraft:amethyst_shard":70,"minecraft:spruce_sapling":42,"minecraft:white_bed":2,"minecraft:spruce_log":205,"minecraft:crying_obsidian":3,"minecraft:spruce_door":2,"minecraft:spider_eye":5,"biomesoplenty:flowering_oak_sapling":4,"tconstruct:gold_bars":8,"minecraft:slime_ball":4,"minecraft:stone_axe":1,"tconstruct:seared_melter":2,"tconstruct:pattern":34,"minecraft:black_wool":1,"minecraft:coal":376},"minecraft:broken":{"minecraft:stone_pickaxe":1,"minecraft:wooden_pickaxe":1},"minecraft:dropped":{"majruszsaccessories:swimmer_guide":2,"tconstruct:plate_leggings":1,"tconstruct:sword":1,"minecraft:cobblestone_stairs":2,"minecraft:cornflower":1,"tconstruct:plate_boots":1,"tconstruct:pickaxe":3,"minecraft:cobbled_deepslate":2422,"minecraft:gunpowder":1,"tconstruct:plate_chestplate":1,"majruszsaccessories:lucky_rock":3,"minecraft:bread":9,"majruszsaccessories:discount_voucher":2,"minecraft:cobblestone":133,"minecraft:copper_ingot":60,"tconstruct:hand_axe":1,"tconstruct:plate_helmet":1,"minecraft:lapis_block":2,"minecraft:kelp":9,"minecraft:tuff":149,"minecraft:andesite":24},"minecraft:crafted":{"tconstruct:cast_chest":1,"minecraft:oak_planks":332,"minecraft:barrel":2,"tconstruct:puny_smelting":1,"tconstruct:chestplate_plating_dummy":1,"tconstruct:shield_core":1,"minecraft:chain":64,"tconstruct:broad_blade":2,"minecraft:stone":16,"minecraft:cobblestone_stairs":72,"tconstruct:pick_head":4,"tconstruct:tool_binding":4,"tconstruct:maille":1,"tconstruct:seared_melter":1,"tconstruct:hand_axe":3,"minecraft:glass":54,"tconstruct:adze_head":2,"tconstruct:plate_chestplate":2,"tconstruct:tinkers_chest":1,"tconstruct:broad_axe_head":1,"tconstruct:seared_brick":729,"minecraft:chest":4,"tconstruct:seared_fuel_tank":1,"tconstruct:small_axe_head":2,"minecraft:dried_kelp_block":21,"tconstruct:seared_glass":11,"tconstruct:tough_handle":2,"minecraft:smoker":6,"tconstruct:tough_binding":1,"tconstruct:small_blade":3,"tconstruct:plate_helmet":2,"travelersbackpack:iron_tier_upgrade":1,"minecraft:cauldron":10,"minecraft:cooked_porkchop":9,"minecraft:crafting_table":2,"minecraft:spruce_planks":164,"minecraft:wooden_pickaxe":1,"travelersbackpack:standard":3,"tconstruct:tool_handle":10,"minecraft:copper_ingot":261,"minecraft:campfire":10,"tconstruct:plate_leggings":2,"tconstruct:sword":3,"tconstruct:plate_boots":2,"minecraft:charcoal":37,"minecraft:shield":1,"minecraft:stick":148,"minecraft:iron_ingot":42,"minecraft:stone_sword":1,"minecraft:gold_ingot":18,"tconstruct:seared_bricks":175,"tconstruct:cleaver":4,"tconstruct:large_plate":1,"minecraft:shears":1,"tconstruct:seared_fuel_gauge":1,"tconstruct:pickaxe":50,"tconstruct:pattern":81,"tconstruct:bow_limb":1,"minecraft:stone_shovel":1,"tconstruct:part_builder":2,"minecraft:iron_nugget":270,"minecraft:furnace":9,"tconstruct:repair_kit":30,"tconstruct:seared_basin":1,"travelersbackpack:blank_upgrade":8,"travelersbackpack:gold_tier_upgrade":1,"minecraft:flint_and_steel":1,"tconstruct:tinker_station":1,"minecraft:lantern":11,"tconstruct:boots_plating_dummy":1,"tconstruct:seared_table":1,"minecraft:stone_pickaxe":1,"tconstruct:helmet_plating_dummy":1,"tconstruct:copper_can":30,"tconstruct:leggings_plating_dummy":1,"minecraft:redstone_block":44,"minecraft:wheat":126,"tconstruct:bow_grip":1,"tconstruct:part_chest":1,"travelersbackpack:backpack_tank":2,"minecraft:dried_kelp":192,"tconstruct:hammer_head":1,"minecraft:stone_axe":1,"tconstruct:seared_drain":2,"tconstruct:pickadze":19,"minecraft:bread":42,"minecraft:air":51,"tconstruct:seared_heater":1,"tconstruct:crafting_station":1,"minecraft:writable_book":9,"tconstruct:seared_faucet":3,"minecraft:torch":188,"minecraft:lapis_block":5,"minecraft:lapis_lazuli":9,"minecraft:clay":126,"tconstruct:grout":960},"minecraft:used":{"minecraft:poppy":6,"minecraft:chest":5,"tconstruct:seared_fuel_tank":1,"tconstruct:sword":197,"minecraft:obsidian":10,"minecraft:lava_bucket":10,"minecraft:lantern":10,"tconstruct:seared_faucet":8,"tconstruct:tinkers_anvil":2,"minecraft:sweet_berries":2,"minecraft:furnace":2,"tconstruct:plate_chestplate":1,"tconstruct:smeltery_controller":1,"minecraft:diorite":3,"minecraft:spruce_door":2,"minecraft:stone_pickaxe":131,"minecraft:oak_planks":1,"minecraft:wooden_pickaxe":59,"minecraft:composter":1,"minecraft:sugar_cane":44,"minecraft:oak_leaves":2,"another_furniture:oak_chair":1,"minecraft:sand":1,"minecraft:shears":62,"minecraft:lever":4,"minecraft:bread":56,"minecraft:gravel":68,"tconstruct:tinkers_chest":2,"tconstruct:crafting_station":3,"tconstruct:plate_shield":20,"minecraft:stone_sword":17,"minecraft:flint_and_steel":1,"minecraft:stone_shovel":4,"minecraft:spruce_planks":136,"tconstruct:pickaxe":1,"simpletomb:grave_key":25,"tconstruct:seared_drain":2,"minecraft:torch":229,"minecraft:dirt":26,"minecraft:spruce_stairs":16,"tconstruct:hand_axe":187,"tconstruct:seared_bricks":181,"minecraft:granite":1,"tconstruct:gold_bars":4,"tconstruct:seared_heater":3,"tconstruct:tinker_station":3,"minecraft:barrel":9,"minecraft:golden_carrot":3,"tconstruct:cast_chest":4,"tconstruct:part_builder":5,"minecraft:cobbled_deepslate":100,"minecraft:pointed_dripstone":13,"minecraft:calcite":2,"naturalist:bass":1,"minecraft:water_bucket":53,"minecraft:cobblestone_stairs":56,"minecraft:cauldron":13,"minecraft:crafting_table":16,"minecraft:campfire":6,"tconstruct:seared_basin":4,"minecraft:spruce_log":40,"minecraft:smoker":4,"minecraft:flower_pot":2,"minecraft:apple":1,"tconstruct:seared_table":6,"tconstruct:part_chest":5,"tconstruct:plate_boots":1,"minecraft:spruce_trapdoor":5,"minecraft:spruce_sapling":40,"minecraft:stone_axe":39,"minecraft:cobblestone":537,"tconstruct:seared_melter":3,"minecraft:cooked_porkchop":9,"tconstruct:cleaver":180,"minecraft:bucket":76,"minecraft:pumpkin_pie":39,"minecraft:yellow_bed":2,"minecraft:dandelion":5,"tconstruct:seared_glass":8},"minecraft:mined":{"minecraft:spruce_planks":11,"minecraft:white_bed":2,"tconstruct:tinker_station":2,"minecraft:cobblestone_stairs":22,"minecraft:potted_cactus":1,"tconstruct:seared_bricks":17,"minecraft:obsidian":65,"minecraft:spruce_trapdoor":2,"minecraft:granite":301,"minecraft:budding_amethyst":9,"minecraft:grass_block":43,"biomesoplenty:flowering_oak_leaves":1,"tconstruct:part_chest":4,"minecraft:composter":1,"minecraft:oxeye_daisy":4,"minecraft:spawner":2,"tconstruct:seared_table":4,"minecraft:polished_blackstone_bricks":1,"minecraft:tall_seagrass":6,"minecraft:iron_ore":55,"minecraft:cobbled_deepslate":20,"minecraft:barrel":7,"biomesoplenty:lavender":1,"tconstruct:cobalt_ore":2,"minecraft:pumpkin":19,"tconstruct:seared_melter":2,"minecraft:azure_bluet":2,"tconstruct:tinkers_chest":1,"minecraft:dirt_path":4,"minecraft:deepslate_redstone_ore":173,"tconstruct:part_builder":4,"minecraft:kelp_plant":28,"minecraft:amethyst_cluster":17,"tconstruct:tinkers_anvil":1,"minecraft:clay":103,"minecraft:torch":36,"minecraft:calcite":15,"minecraft:poppy":12,"minecraft:chest":6,"minecraft:cobblestone":129,"minecraft:sugar_cane":19,"minecraft:oak_planks":2,"minecraft:wall_torch":53,"minecraft:amethyst_block":71,"minecraft:cauldron":3,"minecraft:deepslate_copper_ore":3,"minecraft:seagrass":14,"tconstruct:seared_faucet":4,"minecraft:yellow_wool":6,"minecraft:wheat":24,"minecraft:grass":69,"minecraft:oak_log":8,"minecraft:beetroots":3,"minecraft:sand":508,"minecraft:dirt":555,"tconstruct:crafting_station":2,"tconstruct:seared_heater":2,"minecraft:smooth_basalt":6,"minecraft:potted_red_tulip":1,"minecraft:netherrack":9,"minecraft:oak_leaves":61,"minecraft:deepslate":3719,"minecraft:tuff":283,"minecraft:deepslate_diamond_ore":26,"minecraft:glow_lichen":1,"minecraft:lever":4,"biomesoplenty:bush":1,"minecraft:spruce_leaves":9,"biomesoplenty:dead_grass":2,"minecraft:kelp":1,"another_furniture:oak_chair":1,"tconstruct:cast_chest":3,"minecraft:hay_block":34,"minecraft:redstone_ore":5,"minecraft:furnace":3,"minecraft:carrots":17,"minecraft:andesite":90,"treechop:chopped_log":34,"minecraft:potatoes":8,"minecraft:bookshelf":4,"minecraft:deepslate_iron_ore":11,"minecraft:lantern":4,"crittersandcompanions:silk_cocoon":3,"minecraft:stone":1039,"minecraft:white_wool":6,"minecraft:dandelion":17,"minecraft:spruce_door":2,"minecraft:crafting_table":17,"minecraft:cornflower":9,"tconstruct:seared_basin":2,"minecraft:rose_bush":34,"minecraft:campfire":2,"minecraft:tall_grass":6,"minecraft:copper_ore":91,"biomesoplenty:sprout":3,"minecraft:deepslate_gold_ore":61,"minecraft:lapis_ore":12,"minecraft:diorite":77,"minecraft:spruce_stairs":2,"tconstruct:gold_bars":4,"minecraft:birch_leaves":2,"minecraft:spruce_log":5,"minecraft:yellow_bed":8,"minecraft:coal_ore":177,"minecraft:gravel":1036,"minecraft:gold_ore":9},"minecraft:custom":{"minecraft:interact_with_crafting_table":68,"minecraft:open_barrel":150,"minecraft:leave_game":4,"minecraft:time_since_death":79555,"minecraft:damage_resisted":8,"minecraft:sprint_one_cm":1568702,"minecraft:damage_blocked_by_shield":1305,"minecraft:drop":75,"minecraft:talked_to_villager":4,"minecraft:play_time":780777,"minecraft:deaths":3,"minecraft:jump":5775,"minecraft:walk_on_water_one_cm":96736,"minecraft:interact_with_furnace":100,"minecraft:sleep_in_bed":28,"minecraft:damage_dealt":29302,"minecraft:crouch_one_cm":5798,"waystones:waystone_activated":2,"minecraft:interact_with_smoker":25,"minecraft:use_cauldron":1,"minecraft:interact_with_smithing_table":5,"minecraft:mob_kills":191,"minecraft:climb_one_cm":1216,"minecraft:walk_one_cm":1840339,"minecraft:sneak_time":6479,"minecraft:walk_under_water_one_cm":112149,"minecraft:interact_with_blast_furnace":59,"minecraft:total_world_time":780777,"minecraft:pot_flower":2,"minecraft:time_since_rest":6299,"minecraft:damage_taken":4190,"minecraft:damage_absorbed":50,"minecraft:swim_one_cm":154226,"minecraft:fly_one_cm":1104637,"minecraft:open_chest":553,"minecraft:fall_one_cm":146449}},"DataVersion":3465}