{"stats":{"minecraft:broken":{"minecraft:stone_pickaxe":1,"minecraft:wooden_pickaxe":1},"minecraft:dropped":{"majruszsaccessories:swimmer_guide":2,"tconstruct:plate_leggings":1,"tconstruct:sword":1,"minecraft:cobblestone_stairs":2,"minecraft:cornflower":1,"tconstruct:plate_boots":1,"tconstruct:pickaxe":3,"minecraft:cobbled_deepslate":9,"tconstruct:plate_chestplate":1,"minecraft:bread":9,"majruszsaccessories:discount_voucher":2,"minecraft:cobblestone":75,"minecraft:copper_ingot":60,"tconstruct:hand_axe":1,"tconstruct:plate_helmet":1,"minecraft:lapis_block":2,"minecraft:kelp":9,"minecraft:andesite":24},"minecraft:used":{"minecraft:chest":4,"tconstruct:seared_fuel_tank":1,"tconstruct:sword":117,"minecraft:obsidian":10,"minecraft:lava_bucket":10,"minecraft:lantern":10,"tconstruct:seared_faucet":8,"tconstruct:tinkers_anvil":2,"minecraft:sweet_berries":2,"minecraft:furnace":1,"tconstruct:smeltery_controller":1,"minecraft:diorite":3,"minecraft:spruce_door":2,"minecraft:stone_pickaxe":131,"minecraft:oak_planks":1,"minecraft:wooden_pickaxe":59,"minecraft:composter":1,"minecraft:sugar_cane":44,"another_furniture:oak_chair":1,"minecraft:sand":1,"minecraft:lever":1,"minecraft:bread":56,"minecraft:gravel":68,"tconstruct:tinkers_chest":2,"tconstruct:crafting_station":3,"tconstruct:plate_shield":3,"minecraft:stone_sword":17,"minecraft:flint_and_steel":1,"minecraft:stone_shovel":4,"minecraft:spruce_planks":136,"tconstruct:pickaxe":1,"simpletomb:grave_key":15,"minecraft:torch":174,"tconstruct:seared_drain":2,"minecraft:dirt":26,"minecraft:spruce_stairs":16,"tconstruct:hand_axe":174,"tconstruct:seared_bricks":181,"minecraft:granite":1,"tconstruct:gold_bars":4,"tconstruct:seared_heater":3,"tconstruct:tinker_station":3,"minecraft:barrel":9,"minecraft:golden_carrot":2,"tconstruct:cast_chest":4,"tconstruct:part_builder":4,"minecraft:cobbled_deepslate":52,"minecraft:pointed_dripstone":13,"minecraft:calcite":2,"naturalist:bass":1,"minecraft:water_bucket":39,"minecraft:cobblestone_stairs":56,"minecraft:cauldron":13,"minecraft:crafting_table":12,"tconstruct:seared_basin":4,"minecraft:spruce_log":40,"minecraft:smoker":4,"minecraft:flower_pot":2,"minecraft:apple":1,"tconstruct:seared_table":6,"tconstruct:part_chest":5,"minecraft:spruce_trapdoor":5,"minecraft:spruce_sapling":40,"minecraft:stone_axe":39,"minecraft:cobblestone":537,"tconstruct:seared_melter":3,"minecraft:bucket":62,"minecraft:pumpkin_pie":15,"minecraft:yellow_bed":2,"tconstruct:seared_glass":8},"minecraft:picked_up":{"minecraft:wheat":9,"tconstruct:cast_chest":3,"minecraft:flower_pot":2,"minecraft:amethyst_block":64,"minecraft:string":7,"minecraft:raw_copper":349,"tconstruct:hand_axe":1,"majruszsaccessories:discount_voucher":3,"minecraft:gold_nugget":6,"minecraft:cobbled_deepslate":2507,"minecraft:spruce_planks":11,"tconstruct:shield_core":1,"minecraft:rose_bush":30,"minecraft:calcite":15,"minecraft:furnace":1,"minecraft:stick":52,"minecraft:composter":1,"minecraft:torch":80,"minecraft:spruce_stairs":2,"minecraft:porkchop":9,"minecraft:pointed_dripstone":3,"tconstruct:seared_faucet":5,"minecraft:diorite":79,"minecraft:cauldron":3,"majruszsaccessories:dream_catcher":1,"tconstruct:tool_binding":2,"minecraft:cactus":1,"minecraft:rotten_flesh":35,"minecraft:red_tulip":1,"minecraft:obsidian":139,"minecraft:iron_bars":2,"minecraft:cobblestone":1330,"tconstruct:seared_bricks":15,"minecraft:feather":12,"minecraft:andesite":105,"minecraft:golden_leggings":1,"minecraft:potato":4,"minecraft:flint":99,"minecraft:tuff":206,"minecraft:dirt":576,"minecraft:lapis_lazuli":185,"minecraft:lantern":5,"minecraft:bone":19,"minecraft:wheat_seeds":10,"minecraft:raw_gold":94,"tconstruct:seared_table":4,"naturalist:snail_shell":1,"naturalist:fur":8,"minecraft:moss_block":2,"tconstruct:sky_slime_sapling":2,"minecraft:oak_planks":4,"minecraft:sand":505,"minecraft:ink_sac":2,"minecraft:barrel":7,"travelersbackpack:white_sleeping_bag":1,"minecraft:diamond":27,"tconstruct:seared_basin":2,"minecraft:lever":1,"minecraft:writable_book":2,"minecraft:granite":318,"tconstruct:tinkers_chest":1,"minecraft:bread":20,"minecraft:emerald":12,"minecraft:oak_sapling":41,"minecraft:crafting_table":14,"minecraft:charcoal":2,"tconstruct:crafting_station":2,"minecraft:azure_bluet":2,"minecraft:chicken":3,"minecraft:clay_ball":504,"tconstruct:materials_and_you":1,"tconstruct:tinkers_anvil":1,"majruszsaccessories:swimmer_guide":2,"another_furniture:oak_chair":1,"minecraft:cornflower":2,"tconstruct:copper_can":30,"tconstruct:repair_kit":14,"minecraft:beef":11,"minecraft:poppy":6,"minecraft:sugar_cane":27,"minecraft:chest":6,"minecraft:spruce_trapdoor":2,"minecraft:raw_iron":96,"minecraft:copper_ingot":55,"tconstruct:pickaxe":2,"tconstruct:earth_slime_grass_seeds":3,"minecraft:redstone":542,"minecraft:carrot":2,"tconstruct:melting_pan":1,"minecraft:arrow":1,"majruszsaccessories:lucky_rock":4,"tconstruct:tinker_station":2,"minecraft:hay_block":14,"tconstruct:part_chest":4,"minecraft:mutton":6,"minecraft:white_wool":3,"minecraft:oxeye_daisy":4,"minecraft:golden_carrot":9,"tconstruct:part_builder":2,"minecraft:leather":15,"tconstruct:helmet_plating_cast":1,"minecraft:oak_log":77,"tconstruct:tool_handle":3,"minecraft:yellow_bed":2,"minecraft:gunpowder":4,"minecraft:cobblestone_stairs":23,"tconstruct:sky_slime_crystal_block":63,"naturalist:bass":1,"tconstruct:seared_heater":2,"minecraft:apple":4,"minecraft:kelp":201,"tconstruct:sky_slime_grass_seeds":15,"minecraft:iron_ingot":24,"minecraft:book":15,"minecraft:smooth_basalt":6,"minecraft:pumpkin":19,"minecraft:sweet_berries":79,"minecraft:dandelion":9,"minecraft:gravel":1017,"minecraft:amethyst_shard":70,"minecraft:spruce_sapling":42,"minecraft:spruce_log":205,"minecraft:crying_obsidian":3,"minecraft:spider_eye":3,"minecraft:spruce_door":2,"biomesoplenty:flowering_oak_sapling":4,"tconstruct:gold_bars":8,"minecraft:slime_ball":4,"minecraft:stone_axe":1,"tconstruct:seared_melter":2,"tconstruct:pattern":32,"minecraft:black_wool":1,"minecraft:coal":277},"minecraft:custom":{"minecraft:interact_with_crafting_table":58,"minecraft:open_barrel":97,"minecraft:leave_game":3,"minecraft:time_since_death":24341,"minecraft:sprint_one_cm":1058338,"minecraft:damage_blocked_by_shield":195,"minecraft:drop":28,"minecraft:talked_to_villager":3,"minecraft:play_time":606389,"minecraft:deaths":2,"minecraft:jump":3443,"minecraft:walk_on_water_one_cm":82996,"minecraft:interact_with_furnace":89,"minecraft:sleep_in_bed":20,"minecraft:damage_dealt":9124,"minecraft:crouch_one_cm":5223,"waystones:waystone_activated":2,"minecraft:interact_with_smoker":22,"minecraft:use_cauldron":1,"minecraft:interact_with_smithing_table":5,"minecraft:mob_kills":67,"minecraft:climb_one_cm":1216,"minecraft:walk_one_cm":1448714,"minecraft:sneak_time":5974,"minecraft:walk_under_water_one_cm":104467,"minecraft:interact_with_blast_furnace":57,"minecraft:total_world_time":606389,"minecraft:pot_flower":2,"minecraft:time_since_rest":24423,"minecraft:damage_taken":2704,"minecraft:damage_absorbed":50,"minecraft:swim_one_cm":113644,"minecraft:fly_one_cm":618784,"minecraft:open_chest":477,"minecraft:fall_one_cm":87057},"minecraft:mined":{"minecraft:spruce_planks":11,"tconstruct:tinker_station":2,"minecraft:cobblestone_stairs":22,"minecraft:potted_cactus":1,"tconstruct:seared_bricks":17,"minecraft:obsidian":65,"minecraft:spruce_trapdoor":2,"minecraft:granite":301,"minecraft:budding_amethyst":9,"minecraft:grass_block":42,"tconstruct:part_chest":4,"minecraft:composter":1,"minecraft:oxeye_daisy":4,"minecraft:spawner":2,"tconstruct:seared_table":4,"minecraft:tall_seagrass":6,"minecraft:cobbled_deepslate":3,"minecraft:iron_ore":55,"minecraft:barrel":7,"minecraft:pumpkin":19,"tconstruct:seared_melter":2,"tconstruct:tinkers_chest":1,"minecraft:azure_bluet":2,"minecraft:dirt_path":4,"minecraft:deepslate_redstone_ore":93,"tconstruct:part_builder":2,"minecraft:kelp_plant":28,"minecraft:amethyst_cluster":17,"tconstruct:tinkers_anvil":1,"minecraft:clay":103,"minecraft:torch":32,"minecraft:calcite":15,"minecraft:poppy":6,"minecraft:chest":5,"minecraft:cobblestone":129,"minecraft:sugar_cane":19,"minecraft:oak_planks":2,"minecraft:wall_torch":11,"minecraft:amethyst_block":71,"minecraft:cauldron":3,"minecraft:deepslate_copper_ore":3,"minecraft:seagrass":9,"tconstruct:seared_faucet":4,"minecraft:grass":54,"minecraft:oak_log":8,"minecraft:sand":508,"minecraft:dirt":554,"tconstruct:crafting_station":2,"tconstruct:seared_heater":2,"minecraft:smooth_basalt":6,"minecraft:potted_red_tulip":1,"minecraft:oak_leaves":8,"minecraft:deepslate":2523,"minecraft:tuff":206,"minecraft:deepslate_diamond_ore":15,"minecraft:glow_lichen":1,"minecraft:lever":1,"biomesoplenty:bush":1,"minecraft:spruce_leaves":9,"minecraft:kelp":1,"another_furniture:oak_chair":1,"tconstruct:cast_chest":3,"minecraft:hay_block":14,"minecraft:redstone_ore":5,"minecraft:furnace":1,"minecraft:andesite":90,"treechop:chopped_log":31,"minecraft:bookshelf":4,"minecraft:deepslate_iron_ore":11,"minecraft:lantern":4,"minecraft:stone":1039,"minecraft:spruce_door":2,"minecraft:dandelion":12,"minecraft:crafting_table":12,"minecraft:cornflower":2,"tconstruct:seared_basin":2,"minecraft:rose_bush":34,"minecraft:campfire":1,"minecraft:tall_grass":1,"minecraft:copper_ore":91,"minecraft:lapis_ore":12,"minecraft:deepslate_gold_ore":42,"minecraft:diorite":77,"minecraft:spruce_stairs":2,"tconstruct:gold_bars":4,"minecraft:spruce_log":5,"minecraft:yellow_bed":2,"minecraft:coal_ore":177,"minecraft:gravel":1031,"minecraft:gold_ore":9},"minecraft:killed":{"minecraft:spider":5,"naturalist:snail":7,"minecraft:skeleton":2,"minecraft:chicken":3,"minecraft:pig":5,"minecraft:creeper":4,"minecraft:sheep":4,"naturalist:alligator":2,"minecraft:zombie":6,"minecraft:cow":6,"naturalist:lion":5,"minecraft:horse":4,"naturalist:bass":1,"minecraft:drowned":1,"naturalist:cardinal":3,"naturalist:butterfly":2,"minecraft:squid":2,"naturalist:lizard":1,"naturalist:sparrow":2,"minecraft:enderman":1},"minecraft:crafted":{"tconstruct:cast_chest":1,"minecraft:oak_planks":332,"minecraft:barrel":2,"tconstruct:puny_smelting":1,"tconstruct:chestplate_plating_dummy":1,"tconstruct:shield_core":1,"tconstruct:broad_blade":1,"minecraft:stone":16,"tconstruct:pick_head":4,"minecraft:cobblestone_stairs":72,"tconstruct:tool_binding":4,"tconstruct:maille":1,"tconstruct:seared_melter":1,"tconstruct:hand_axe":3,"minecraft:glass":54,"tconstruct:adze_head":2,"tconstruct:plate_chestplate":2,"tconstruct:tinkers_chest":1,"tconstruct:broad_axe_head":1,"tconstruct:seared_brick":729,"minecraft:chest":4,"tconstruct:seared_fuel_tank":1,"tconstruct:small_axe_head":2,"minecraft:dried_kelp_block":21,"tconstruct:seared_glass":11,"tconstruct:tough_handle":1,"minecraft:smoker":6,"tconstruct:tough_binding":1,"tconstruct:small_blade":3,"tconstruct:plate_helmet":2,"travelersbackpack:iron_tier_upgrade":1,"minecraft:cauldron":10,"minecraft:cooked_porkchop":9,"minecraft:crafting_table":2,"minecraft:spruce_planks":164,"minecraft:wooden_pickaxe":1,"travelersbackpack:standard":3,"tconstruct:tool_handle":10,"minecraft:copper_ingot":187,"tconstruct:plate_leggings":2,"tconstruct:sword":3,"tconstruct:plate_boots":2,"minecraft:charcoal":37,"minecraft:shield":1,"minecraft:stick":148,"minecraft:iron_ingot":42,"minecraft:stone_sword":1,"minecraft:gold_ingot":18,"tconstruct:seared_bricks":175,"tconstruct:large_plate":1,"tconstruct:seared_fuel_gauge":1,"tconstruct:pickaxe":42,"tconstruct:pattern":75,"tconstruct:bow_limb":1,"minecraft:stone_shovel":1,"tconstruct:part_builder":2,"minecraft:iron_nugget":108,"tconstruct:repair_kit":30,"minecraft:furnace":9,"tconstruct:seared_basin":1,"travelersbackpack:gold_tier_upgrade":1,"travelersbackpack:blank_upgrade":8,"minecraft:flint_and_steel":1,"tconstruct:tinker_station":1,"minecraft:lantern":11,"tconstruct:boots_plating_dummy":1,"tconstruct:seared_table":1,"minecraft:stone_pickaxe":1,"tconstruct:helmet_plating_dummy":1,"tconstruct:copper_can":30,"tconstruct:leggings_plating_dummy":1,"minecraft:redstone_block":44,"minecraft:wheat":126,"tconstruct:bow_grip":1,"travelersbackpack:backpack_tank":2,"tconstruct:part_chest":1,"minecraft:dried_kelp":192,"tconstruct:hammer_head":1,"minecraft:stone_axe":1,"tconstruct:seared_drain":2,"tconstruct:pickadze":18,"minecraft:bread":42,"minecraft:air":17,"tconstruct:seared_heater":1,"tconstruct:crafting_station":1,"minecraft:writable_book":2,"tconstruct:seared_faucet":3,"minecraft:torch":132,"minecraft:lapis_lazuli":9,"minecraft:lapis_block":5,"minecraft:clay":126,"tconstruct:grout":960}},"DataVersion":3465}