{"stats":{"minecraft:broken":{"minecraft:wooden_pickaxe":1,"minecraft:stone_pickaxe":1},"minecraft:dropped":{"minecraft:bread":9,"majruszsaccessories:swimmer_guide":2,"minecraft:cobblestone":75,"minecraft:copper_ingot":58,"tconstruct:plate_leggings":1,"tconstruct:sword":1,"minecraft:cobblestone_stairs":2,"tconstruct:plate_helmet":1,"tconstruct:plate_boots":1,"tconstruct:pickaxe":2,"minecraft:andesite":24,"tconstruct:plate_chestplate":1},"minecraft:used":{"minecraft:stone_sword":17,"minecraft:stone_shovel":4,"minecraft:spruce_planks":122,"minecraft:chest":3,"simpletomb:grave_key":14,"tconstruct:seared_drain":2,"tconstruct:seared_fuel_tank":1,"minecraft:torch":127,"tconstruct:sword":84,"minecraft:dirt":24,"tconstruct:hand_axe":147,"tconstruct:seared_bricks":181,"minecraft:granite":1,"tconstruct:gold_bars":4,"tconstruct:seared_heater":3,"minecraft:lantern":1,"tconstruct:tinker_station":3,"tconstruct:seared_faucet":8,"minecraft:barrel":7,"tconstruct:cast_chest":4,"minecraft:sweet_berries":2,"tconstruct:smeltery_controller":1,"tconstruct:part_builder":3,"minecraft:calcite":2,"naturalist:bass":1,"minecraft:diorite":3,"minecraft:cobblestone_stairs":56,"minecraft:spruce_door":2,"minecraft:stone_pickaxe":131,"minecraft:oak_planks":1,"minecraft:wooden_pickaxe":59,"minecraft:sugar_cane":12,"another_furniture:oak_chair":1,"minecraft:sand":1,"minecraft:crafting_table":10,"tconstruct:seared_basin":4,"minecraft:smoker":4,"minecraft:flower_pot":1,"minecraft:apple":1,"tconstruct:seared_table":6,"minecraft:bread":44,"tconstruct:part_chest":5,"minecraft:spruce_trapdoor":5,"minecraft:spruce_sapling":36,"minecraft:gravel":68,"minecraft:stone_axe":39,"minecraft:cobblestone":456,"tconstruct:seared_melter":3,"tconstruct:crafting_station":3,"tconstruct:seared_glass":8,"minecraft:yellow_bed":2,"tconstruct:plate_shield":3},"minecraft:picked_up":{"minecraft:charcoal":2,"tconstruct:crafting_station":2,"minecraft:crafting_table":12,"minecraft:chicken":3,"minecraft:wheat":9,"tconstruct:cast_chest":3,"minecraft:azure_bluet":2,"minecraft:clay_ball":488,"minecraft:flower_pot":1,"majruszsaccessories:swimmer_guide":2,"another_furniture:oak_chair":1,"minecraft:amethyst_block":64,"minecraft:cornflower":2,"minecraft:string":5,"minecraft:raw_copper":344,"tconstruct:repair_kit":13,"minecraft:cobbled_deepslate":775,"minecraft:spruce_planks":2,"tconstruct:shield_core":1,"minecraft:beef":11,"minecraft:rose_bush":30,"minecraft:calcite":15,"minecraft:poppy":6,"minecraft:sugar_cane":19,"minecraft:chest":4,"minecraft:spruce_trapdoor":2,"minecraft:furnace":1,"minecraft:stick":47,"minecraft:raw_iron":71,"minecraft:copper_ingot":55,"minecraft:torch":45,"minecraft:spruce_stairs":1,"tconstruct:pickaxe":1,"minecraft:porkchop":9,"tconstruct:seared_faucet":4,"minecraft:diorite":79,"minecraft:carrot":2,"minecraft:redstone":68,"majruszsaccessories:dream_catcher":1,"tconstruct:tool_binding":2,"minecraft:arrow":1,"minecraft:rotten_flesh":32,"majruszsaccessories:lucky_rock":1,"tconstruct:tinker_station":2,"minecraft:hay_block":14,"minecraft:red_tulip":1,"tconstruct:part_chest":4,"minecraft:mutton":6,"minecraft:oxeye_daisy":4,"minecraft:white_wool":3,"minecraft:cobblestone":1193,"tconstruct:seared_bricks":15,"minecraft:feather":5,"minecraft:andesite":105,"tconstruct:part_builder":2,"minecraft:leather":9,"minecraft:golden_leggings":1,"minecraft:potato":4,"minecraft:flint":74,"minecraft:tuff":8,"tconstruct:helmet_plating_cast":1,"minecraft:oak_log":77,"tconstruct:tool_handle":3,"minecraft:yellow_bed":2,"minecraft:gunpowder":4,"minecraft:cobblestone_stairs":23,"minecraft:lapis_lazuli":116,"minecraft:dirt":492,"naturalist:bass":1,"minecraft:kelp":201,"minecraft:bone":9,"minecraft:apple":4,"tconstruct:seared_heater":2,"minecraft:wheat_seeds":8,"minecraft:raw_gold":32,"tconstruct:seared_table":4,"minecraft:moss_block":2,"naturalist:fur":4,"naturalist:snail_shell":1,"minecraft:oak_planks":4,"minecraft:book":15,"minecraft:smooth_basalt":6,"minecraft:pumpkin":19,"minecraft:sweet_berries":79,"minecraft:dandelion":9,"minecraft:gravel":679,"minecraft:sand":505,"minecraft:amethyst_shard":70,"minecraft:spruce_sapling":38,"minecraft:ink_sac":2,"minecraft:spruce_log":123,"minecraft:barrel":7,"minecraft:spruce_door":2,"minecraft:spider_eye":3,"biomesoplenty:flowering_oak_sapling":4,"travelersbackpack:white_sleeping_bag":1,"tconstruct:gold_bars":5,"minecraft:slime_ball":4,"tconstruct:seared_basin":2,"minecraft:diamond":6,"minecraft:stone_axe":1,"minecraft:granite":298,"tconstruct:seared_melter":2,"minecraft:emerald":6,"minecraft:bread":20,"tconstruct:pattern":32,"minecraft:oak_sapling":41,"minecraft:black_wool":1,"minecraft:coal":234},"minecraft:custom":{"minecraft:mob_kills":52,"minecraft:interact_with_crafting_table":45,"minecraft:open_barrel":8,"minecraft:leave_game":3,"minecraft:time_since_death":361920,"minecraft:climb_one_cm":1216,"minecraft:sprint_one_cm":635120,"minecraft:walk_one_cm":997633,"minecraft:damage_blocked_by_shield":195,"minecraft:drop":18,"minecraft:talked_to_villager":3,"minecraft:play_time":378389,"minecraft:sneak_time":4557,"minecraft:deaths":1,"minecraft:walk_under_water_one_cm":97549,"minecraft:jump":2298,"minecraft:interact_with_blast_furnace":52,"minecraft:walk_on_water_one_cm":51088,"minecraft:total_world_time":378389,"minecraft:interact_with_furnace":83,"minecraft:pot_flower":1,"minecraft:sleep_in_bed":14,"minecraft:time_since_rest":9206,"minecraft:damage_absorbed":20,"minecraft:damage_taken":1585,"minecraft:damage_dealt":6805,"minecraft:swim_one_cm":96511,"minecraft:fly_one_cm":373316,"minecraft:open_chest":362,"minecraft:crouch_one_cm":2855,"waystones:waystone_activated":2,"minecraft:fall_one_cm":53030,"minecraft:interact_with_smoker":21},"minecraft:mined":{"minecraft:spruce_planks":2,"minecraft:tuff":8,"minecraft:deepslate_diamond_ore":3,"tconstruct:tinker_station":2,"minecraft:cobblestone_stairs":22,"tconstruct:seared_bricks":17,"minecraft:spruce_trapdoor":2,"minecraft:granite":281,"minecraft:budding_amethyst":9,"biomesoplenty:bush":1,"minecraft:grass_block":20,"minecraft:spruce_leaves":9,"tconstruct:part_chest":4,"minecraft:kelp":1,"another_furniture:oak_chair":1,"minecraft:oxeye_daisy":4,"tconstruct:seared_table":4,"tconstruct:cast_chest":3,"minecraft:hay_block":14,"minecraft:tall_seagrass":6,"minecraft:redstone_ore":5,"minecraft:furnace":1,"minecraft:iron_ore":55,"minecraft:barrel":7,"minecraft:andesite":90,"tconstruct:seared_melter":2,"treechop:chopped_log":30,"minecraft:pumpkin":19,"minecraft:azure_bluet":2,"minecraft:bookshelf":4,"minecraft:dirt_path":4,"minecraft:deepslate_iron_ore":11,"minecraft:stone":950,"minecraft:deepslate_redstone_ore":4,"tconstruct:part_builder":2,"minecraft:kelp_plant":28,"minecraft:amethyst_cluster":17,"minecraft:dandelion":12,"minecraft:spruce_door":2,"minecraft:clay":99,"minecraft:cornflower":2,"minecraft:crafting_table":11,"minecraft:torch":27,"minecraft:calcite":15,"minecraft:poppy":6,"tconstruct:seared_basin":2,"minecraft:chest":3,"minecraft:rose_bush":34,"minecraft:campfire":1,"minecraft:copper_ore":91,"minecraft:tall_grass":1,"minecraft:cobblestone":74,"minecraft:oak_planks":2,"minecraft:deepslate_gold_ore":17,"minecraft:lapis_ore":12,"minecraft:sugar_cane":14,"minecraft:diorite":77,"minecraft:wall_torch":8,"minecraft:amethyst_block":71,"minecraft:deepslate_copper_ore":3,"minecraft:spruce_stairs":1,"minecraft:seagrass":9,"tconstruct:gold_bars":4,"tconstruct:seared_faucet":4,"minecraft:yellow_bed":2,"minecraft:grass":52,"minecraft:coal_ore":177,"minecraft:oak_log":8,"minecraft:gravel":652,"minecraft:sand":508,"minecraft:dirt":487,"tconstruct:crafting_station":2,"tconstruct:seared_heater":2,"minecraft:smooth_basalt":6,"minecraft:potted_red_tulip":1,"minecraft:gold_ore":9,"minecraft:oak_leaves":8,"minecraft:deepslate":781},"minecraft:killed":{"naturalist:lion":2,"minecraft:spider":4,"minecraft:skeleton":2,"naturalist:snail":7,"minecraft:chicken":3,"naturalist:bass":1,"minecraft:drowned":1,"minecraft:pig":5,"naturalist:butterfly":2,"minecraft:creeper":4,"minecraft:squid":2,"minecraft:sheep":4,"naturalist:alligator":2,"minecraft:zombie":4,"naturalist:lizard":1,"minecraft:enderman":1,"minecraft:cow":6},"minecraft:crafted":{"tconstruct:cast_chest":1,"tconstruct:pickaxe":16,"tconstruct:pattern":72,"tconstruct:bow_limb":1,"minecraft:oak_planks":332,"minecraft:stone_shovel":1,"tconstruct:part_builder":2,"tconstruct:puny_smelting":1,"minecraft:iron_nugget":27,"tconstruct:chestplate_plating_dummy":1,"tconstruct:shield_core":1,"minecraft:furnace":8,"tconstruct:repair_kit":28,"tconstruct:broad_blade":1,"minecraft:cobblestone_stairs":72,"tconstruct:pick_head":4,"tconstruct:tool_binding":4,"tconstruct:seared_basin":1,"tconstruct:maille":1,"tconstruct:tinker_station":1,"tconstruct:seared_melter":1,"tconstruct:hand_axe":2,"minecraft:glass":54,"tconstruct:adze_head":2,"tconstruct:boots_plating_dummy":1,"tconstruct:plate_chestplate":2,"tconstruct:seared_table":1,"tconstruct:broad_axe_head":1,"tconstruct:seared_brick":729,"minecraft:stone_pickaxe":1,"minecraft:chest":3,"tconstruct:seared_fuel_tank":1,"tconstruct:helmet_plating_dummy":1,"tconstruct:copper_can":30,"tconstruct:leggings_plating_dummy":1,"tconstruct:small_axe_head":2,"minecraft:dried_kelp_block":21,"tconstruct:seared_glass":11,"tconstruct:tough_handle":1,"minecraft:smoker":6,"minecraft:wheat":126,"tconstruct:tough_binding":1,"tconstruct:small_blade":3,"tconstruct:plate_helmet":2,"tconstruct:bow_grip":1,"minecraft:dried_kelp":192,"minecraft:cooked_porkchop":9,"minecraft:spruce_planks":156,"minecraft:crafting_table":2,"tconstruct:part_chest":1,"travelersbackpack:backpack_tank":2,"minecraft:wooden_pickaxe":1,"travelersbackpack:standard":1,"tconstruct:tool_handle":10,"minecraft:copper_ingot":151,"tconstruct:hammer_head":1,"tconstruct:seared_drain":2,"minecraft:stone_axe":1,"tconstruct:pickadze":14,"tconstruct:plate_leggings":2,"minecraft:bread":42,"minecraft:air":0,"tconstruct:seared_heater":1,"tconstruct:sword":3,"tconstruct:plate_boots":2,"minecraft:charcoal":37,"minecraft:shield":1,"tconstruct:crafting_station":1,"minecraft:stick":148,"minecraft:iron_ingot":42,"minecraft:stone_sword":1,"minecraft:writable_book":2,"tconstruct:seared_faucet":3,"tconstruct:seared_bricks":175,"minecraft:torch":132,"tconstruct:large_plate":1,"tconstruct:seared_fuel_gauge":1,"minecraft:clay":122,"tconstruct:grout":960}},"DataVersion":3465}