{"stats":{"minecraft:broken":{"minecraft:wooden_pickaxe":1,"minecraft:stone_pickaxe":1},"minecraft:dropped":{"minecraft:bread":9,"majruszsaccessories:swimmer_guide":2,"minecraft:cobblestone":18,"minecraft:copper_ingot":58,"tconstruct:plate_leggings":1,"tconstruct:sword":1,"tconstruct:plate_helmet":1,"tconstruct:plate_boots":1,"tconstruct:pickaxe":2,"tconstruct:plate_chestplate":1},"minecraft:used":{"minecraft:stone_sword":17,"minecraft:stone_shovel":4,"minecraft:chest":3,"simpletomb:grave_key":14,"minecraft:torch":120,"tconstruct:sword":77,"minecraft:dirt":13,"tconstruct:hand_axe":46,"tconstruct:seared_bricks":22,"minecraft:granite":1,"tconstruct:gold_bars":4,"tconstruct:seared_heater":2,"minecraft:lantern":1,"tconstruct:tinker_station":2,"tconstruct:seared_faucet":4,"tconstruct:cast_chest":3,"minecraft:sweet_berries":2,"tconstruct:part_builder":2,"minecraft:calcite":2,"naturalist:bass":1,"minecraft:diorite":3,"minecraft:cobblestone_stairs":56,"minecraft:spruce_door":2,"minecraft:stone_pickaxe":131,"minecraft:oak_planks":1,"minecraft:wooden_pickaxe":59,"minecraft:sugar_cane":12,"another_furniture:oak_chair":1,"minecraft:sand":1,"minecraft:crafting_table":8,"tconstruct:seared_basin":2,"minecraft:smoker":1,"minecraft:flower_pot":1,"minecraft:apple":1,"tconstruct:seared_table":4,"minecraft:bread":36,"tconstruct:part_chest":4,"minecraft:gravel":68,"minecraft:stone_axe":39,"minecraft:cobblestone":242,"tconstruct:seared_melter":2,"tconstruct:crafting_station":2,"minecraft:yellow_bed":2},"minecraft:picked_up":{"minecraft:charcoal":2,"tconstruct:crafting_station":1,"minecraft:crafting_table":10,"minecraft:chicken":3,"minecraft:wheat":9,"tconstruct:cast_chest":2,"minecraft:azure_bluet":2,"minecraft:clay_ball":304,"minecraft:flower_pot":1,"majruszsaccessories:swimmer_guide":2,"another_furniture:oak_chair":1,"minecraft:amethyst_block":64,"minecraft:cornflower":2,"minecraft:string":5,"minecraft:raw_copper":316,"tconstruct:repair_kit":5,"minecraft:cobbled_deepslate":775,"tconstruct:shield_core":1,"minecraft:beef":11,"minecraft:rose_bush":30,"minecraft:calcite":15,"minecraft:poppy":6,"minecraft:sugar_cane":19,"minecraft:chest":4,"minecraft:furnace":1,"minecraft:stick":23,"minecraft:raw_iron":69,"minecraft:copper_ingot":54,"minecraft:torch":38,"minecraft:spruce_stairs":1,"tconstruct:pickaxe":1,"minecraft:porkchop":9,"tconstruct:seared_faucet":2,"minecraft:diorite":79,"minecraft:carrot":2,"minecraft:redstone":64,"majruszsaccessories:dream_catcher":1,"tconstruct:tool_binding":1,"minecraft:arrow":1,"minecraft:rotten_flesh":32,"majruszsaccessories:lucky_rock":1,"tconstruct:tinker_station":1,"minecraft:hay_block":14,"minecraft:red_tulip":1,"tconstruct:part_chest":3,"minecraft:mutton":6,"minecraft:oxeye_daisy":4,"minecraft:white_wool":3,"minecraft:cobblestone":836,"tconstruct:seared_bricks":2,"minecraft:feather":5,"minecraft:andesite":78,"tconstruct:part_builder":1,"minecraft:leather":9,"minecraft:golden_leggings":1,"minecraft:potato":4,"minecraft:flint":55,"minecraft:tuff":8,"tconstruct:helmet_plating_cast":1,"minecraft:oak_log":77,"minecraft:yellow_bed":2,"minecraft:gunpowder":4,"minecraft:cobblestone_stairs":21,"minecraft:lapis_lazuli":103,"minecraft:dirt":285,"naturalist:bass":1,"minecraft:bone":3,"minecraft:apple":4,"tconstruct:seared_heater":1,"minecraft:wheat_seeds":8,"minecraft:raw_gold":27,"tconstruct:seared_table":3,"minecraft:moss_block":2,"naturalist:fur":4,"naturalist:snail_shell":1,"minecraft:oak_planks":4,"minecraft:book":15,"minecraft:smooth_basalt":6,"minecraft:pumpkin":19,"minecraft:sweet_berries":79,"minecraft:dandelion":9,"minecraft:gravel":535,"minecraft:sand":405,"minecraft:amethyst_shard":70,"minecraft:ink_sac":2,"minecraft:spruce_door":2,"minecraft:spider_eye":3,"biomesoplenty:flowering_oak_sapling":4,"travelersbackpack:white_sleeping_bag":1,"tconstruct:gold_bars":5,"minecraft:slime_ball":4,"tconstruct:seared_basin":1,"minecraft:diamond":6,"minecraft:stone_axe":1,"minecraft:granite":161,"tconstruct:seared_melter":1,"minecraft:emerald":5,"minecraft:bread":20,"tconstruct:pattern":6,"minecraft:oak_sapling":41,"minecraft:black_wool":1,"minecraft:coal":212},"minecraft:custom":{"minecraft:mob_kills":49,"minecraft:interact_with_crafting_table":35,"minecraft:open_barrel":5,"minecraft:leave_game":3,"minecraft:time_since_death":283920,"minecraft:climb_one_cm":644,"minecraft:sprint_one_cm":451215,"minecraft:walk_one_cm":744180,"minecraft:drop":13,"minecraft:talked_to_villager":3,"minecraft:play_time":300389,"minecraft:sneak_time":3293,"minecraft:deaths":1,"minecraft:walk_under_water_one_cm":59550,"minecraft:jump":1983,"minecraft:interact_with_blast_furnace":28,"minecraft:walk_on_water_one_cm":32310,"minecraft:total_world_time":300389,"minecraft:interact_with_furnace":60,"minecraft:pot_flower":1,"minecraft:sleep_in_bed":10,"minecraft:time_since_rest":99804,"minecraft:damage_taken":1414,"minecraft:damage_dealt":6287,"minecraft:swim_one_cm":80597,"minecraft:fly_one_cm":302057,"minecraft:open_chest":315,"minecraft:crouch_one_cm":2309,"waystones:waystone_activated":1,"minecraft:fall_one_cm":42884,"minecraft:interact_with_smoker":3},"minecraft:mined":{"minecraft:tuff":8,"minecraft:deepslate_diamond_ore":3,"tconstruct:tinker_station":1,"minecraft:cobblestone_stairs":22,"tconstruct:seared_bricks":2,"minecraft:granite":144,"minecraft:budding_amethyst":9,"biomesoplenty:bush":1,"minecraft:grass_block":10,"tconstruct:part_chest":3,"another_furniture:oak_chair":1,"minecraft:oxeye_daisy":4,"tconstruct:seared_table":3,"tconstruct:cast_chest":2,"minecraft:hay_block":14,"minecraft:tall_seagrass":1,"minecraft:redstone_ore":5,"minecraft:furnace":1,"minecraft:iron_ore":55,"minecraft:andesite":72,"tconstruct:seared_melter":1,"treechop:chopped_log":11,"minecraft:pumpkin":19,"minecraft:azure_bluet":2,"minecraft:bookshelf":4,"minecraft:dirt_path":4,"minecraft:deepslate_iron_ore":11,"minecraft:stone":659,"minecraft:deepslate_redstone_ore":4,"tconstruct:part_builder":1,"minecraft:amethyst_cluster":17,"minecraft:dandelion":12,"minecraft:spruce_door":2,"minecraft:clay":53,"minecraft:cornflower":2,"minecraft:crafting_table":9,"minecraft:torch":27,"minecraft:calcite":15,"minecraft:poppy":6,"tconstruct:seared_basin":1,"minecraft:chest":3,"minecraft:rose_bush":34,"minecraft:campfire":1,"minecraft:copper_ore":81,"minecraft:tall_grass":1,"minecraft:cobblestone":65,"minecraft:oak_planks":2,"minecraft:deepslate_gold_ore":17,"minecraft:lapis_ore":12,"minecraft:sugar_cane":14,"minecraft:diorite":77,"minecraft:wall_torch":7,"minecraft:amethyst_block":71,"minecraft:deepslate_copper_ore":3,"minecraft:spruce_stairs":1,"minecraft:seagrass":1,"tconstruct:gold_bars":4,"tconstruct:seared_faucet":2,"minecraft:yellow_bed":2,"minecraft:grass":51,"minecraft:coal_ore":171,"minecraft:oak_log":8,"minecraft:gravel":489,"minecraft:sand":405,"minecraft:dirt":287,"tconstruct:crafting_station":1,"tconstruct:seared_heater":1,"minecraft:smooth_basalt":6,"minecraft:potted_red_tulip":1,"minecraft:gold_ore":9,"minecraft:oak_leaves":8,"minecraft:deepslate":781},"minecraft:killed":{"naturalist:lion":2,"minecraft:spider":4,"naturalist:snail":7,"minecraft:chicken":3,"naturalist:bass":1,"minecraft:drowned":1,"minecraft:pig":5,"naturalist:butterfly":2,"minecraft:creeper":4,"minecraft:squid":2,"minecraft:sheep":4,"naturalist:alligator":2,"minecraft:zombie":4,"naturalist:lizard":1,"minecraft:enderman":1,"minecraft:cow":6},"minecraft:crafted":{"tconstruct:cast_chest":1,"tconstruct:pickaxe":13,"tconstruct:pattern":72,"tconstruct:bow_limb":1,"minecraft:oak_planks":332,"minecraft:stone_shovel":1,"tconstruct:part_builder":2,"tconstruct:puny_smelting":1,"minecraft:iron_nugget":27,"tconstruct:chestplate_plating_dummy":1,"tconstruct:shield_core":1,"tconstruct:repair_kit":27,"tconstruct:broad_blade":1,"minecraft:cobblestone_stairs":72,"tconstruct:pick_head":4,"tconstruct:tool_binding":4,"tconstruct:seared_basin":1,"tconstruct:maille":1,"tconstruct:tinker_station":1,"tconstruct:seared_melter":1,"tconstruct:hand_axe":1,"minecraft:glass":28,"tconstruct:adze_head":2,"tconstruct:boots_plating_dummy":1,"tconstruct:plate_chestplate":2,"tconstruct:seared_table":1,"tconstruct:broad_axe_head":1,"tconstruct:seared_brick":367,"minecraft:stone_pickaxe":1,"minecraft:chest":3,"tconstruct:helmet_plating_dummy":1,"tconstruct:copper_can":30,"tconstruct:leggings_plating_dummy":1,"tconstruct:small_axe_head":2,"tconstruct:tough_handle":1,"minecraft:smoker":1,"minecraft:wheat":126,"tconstruct:tough_binding":1,"tconstruct:small_blade":3,"tconstruct:plate_helmet":2,"tconstruct:bow_grip":1,"minecraft:cooked_porkchop":9,"minecraft:crafting_table":2,"tconstruct:part_chest":1,"travelersbackpack:backpack_tank":2,"minecraft:wooden_pickaxe":1,"travelersbackpack:standard":1,"tconstruct:tool_handle":10,"minecraft:copper_ingot":151,"tconstruct:hammer_head":1,"minecraft:stone_axe":1,"tconstruct:pickadze":10,"tconstruct:plate_leggings":2,"minecraft:bread":42,"minecraft:air":0,"tconstruct:seared_heater":1,"tconstruct:sword":3,"tconstruct:plate_boots":2,"minecraft:shield":1,"tconstruct:crafting_station":1,"minecraft:stick":116,"minecraft:iron_ingot":42,"minecraft:stone_sword":1,"minecraft:writable_book":2,"tconstruct:seared_faucet":3,"tconstruct:seared_bricks":97,"minecraft:torch":132,"tconstruct:large_plate":1,"tconstruct:seared_fuel_gauge":1,"minecraft:clay":76,"tconstruct:grout":608}},"DataVersion":3465}