{"stats":{"minecraft:custom":{"minecraft:mob_kills":49,"minecraft:interact_with_crafting_table":32,"minecraft:open_barrel":5,"minecraft:leave_game":2,"minecraft:time_since_death":189403,"minecraft:climb_one_cm":644,"minecraft:sprint_one_cm":350639,"minecraft:walk_one_cm":478088,"minecraft:drop":13,"minecraft:talked_to_villager":2,"minecraft:play_time":205872,"minecraft:sneak_time":3059,"minecraft:deaths":1,"minecraft:walk_under_water_one_cm":52153,"minecraft:jump":1607,"minecraft:interact_with_blast_furnace":17,"minecraft:walk_on_water_one_cm":26839,"minecraft:total_world_time":205872,"minecraft:interact_with_furnace":58,"minecraft:sleep_in_bed":10,"minecraft:time_since_rest":5287,"minecraft:damage_taken":1238,"minecraft:damage_dealt":6287,"minecraft:swim_one_cm":78997,"minecraft:fly_one_cm":277364,"minecraft:open_chest":258,"minecraft:crouch_one_cm":2132,"waystones:waystone_activated":1,"minecraft:interact_with_smoker":3,"minecraft:fall_one_cm":38391},"minecraft:crafted":{"tconstruct:cast_chest":1,"tconstruct:pickaxe":5,"tconstruct:pattern":36,"tconstruct:bow_limb":1,"minecraft:oak_planks":284,"minecraft:stone_shovel":1,"tconstruct:part_builder":1,"tconstruct:puny_smelting":1,"minecraft:iron_nugget":9,"tconstruct:chestplate_plating_dummy":1,"tconstruct:shield_core":1,"tconstruct:repair_kit":14,"tconstruct:broad_blade":1,"tconstruct:pick_head":4,"tconstruct:tool_binding":4,"tconstruct:seared_basin":1,"tconstruct:maille":1,"tconstruct:tinker_station":1,"tconstruct:seared_melter":1,"tconstruct:hand_axe":1,"minecraft:glass":28,"tconstruct:adze_head":2,"tconstruct:boots_plating_dummy":1,"tconstruct:plate_chestplate":2,"tconstruct:seared_table":1,"tconstruct:broad_axe_head":1,"tconstruct:seared_brick":175,"minecraft:stone_pickaxe":1,"minecraft:chest":3,"tconstruct:helmet_plating_dummy":1,"tconstruct:copper_can":30,"tconstruct:leggings_plating_dummy":1,"tconstruct:small_axe_head":2,"tconstruct:tough_handle":1,"minecraft:smoker":1,"tconstruct:tough_binding":1,"minecraft:wheat":126,"tconstruct:small_blade":3,"tconstruct:plate_helmet":2,"tconstruct:bow_grip":1,"minecraft:cooked_porkchop":9,"minecraft:crafting_table":2,"travelersbackpack:standard":1,"travelersbackpack:backpack_tank":2,"tconstruct:part_chest":1,"minecraft:wooden_pickaxe":1,"tconstruct:tool_handle":9,"minecraft:copper_ingot":122,"tconstruct:hammer_head":1,"minecraft:stone_axe":1,"tconstruct:pickadze":5,"tconstruct:plate_leggings":2,"minecraft:bread":42,"minecraft:air":0,"tconstruct:seared_heater":1,"tconstruct:sword":2,"tconstruct:plate_boots":2,"minecraft:shield":1,"tconstruct:crafting_station":1,"minecraft:stick":96,"minecraft:iron_ingot":20,"minecraft:stone_sword":1,"tconstruct:seared_faucet":3,"tconstruct:seared_bricks":1,"minecraft:torch":124,"tconstruct:large_plate":1,"tconstruct:seared_fuel_gauge":1,"minecraft:clay":76,"tconstruct:grout":608},"minecraft:used":{"minecraft:stone_sword":17,"minecraft:stone_shovel":4,"minecraft:chest":3,"simpletomb:grave_key":14,"minecraft:torch":102,"tconstruct:sword":77,"minecraft:dirt":12,"tconstruct:hand_axe":44,"minecraft:granite":1,"tconstruct:gold_bars":4,"tconstruct:seared_heater":1,"tconstruct:tinker_station":1,"tconstruct:seared_faucet":2,"tconstruct:cast_chest":1,"minecraft:sweet_berries":2,"tconstruct:part_builder":1,"naturalist:bass":1,"minecraft:diorite":3,"minecraft:spruce_door":2,"minecraft:stone_pickaxe":131,"minecraft:oak_planks":1,"minecraft:wooden_pickaxe":59,"minecraft:sand":1,"minecraft:crafting_table":7,"tconstruct:seared_basin":1,"minecraft:smoker":1,"minecraft:apple":1,"tconstruct:seared_table":2,"minecraft:bread":29,"tconstruct:part_chest":3,"minecraft:gravel":68,"minecraft:stone_axe":39,"minecraft:cobblestone":57,"tconstruct:seared_melter":1,"tconstruct:crafting_station":1,"minecraft:yellow_bed":2},"minecraft:mined":{"minecraft:deepslate_diamond_ore":3,"minecraft:granite":26,"biomesoplenty:bush":1,"minecraft:grass_block":4,"tconstruct:part_chest":2,"minecraft:oxeye_daisy":4,"tconstruct:seared_table":1,"minecraft:hay_block":14,"minecraft:tall_seagrass":1,"minecraft:redstone_ore":5,"minecraft:furnace":1,"minecraft:iron_ore":55,"minecraft:pumpkin":19,"minecraft:andesite":2,"treechop:chopped_log":11,"minecraft:azure_bluet":2,"minecraft:bookshelf":4,"minecraft:deepslate_iron_ore":7,"minecraft:dirt_path":4,"minecraft:stone":343,"minecraft:deepslate_redstone_ore":4,"minecraft:spruce_door":2,"minecraft:dandelion":12,"minecraft:clay":53,"minecraft:crafting_table":6,"minecraft:cornflower":2,"minecraft:torch":26,"minecraft:poppy":6,"minecraft:chest":3,"minecraft:rose_bush":34,"minecraft:tall_grass":1,"minecraft:copper_ore":81,"minecraft:cobblestone":16,"minecraft:lapis_ore":6,"minecraft:deepslate_gold_ore":11,"minecraft:sugar_cane":2,"minecraft:oak_planks":2,"minecraft:diorite":17,"minecraft:wall_torch":6,"minecraft:deepslate_copper_ore":3,"minecraft:spruce_stairs":1,"minecraft:seagrass":1,"tconstruct:gold_bars":4,"minecraft:yellow_bed":2,"minecraft:grass":51,"minecraft:oak_log":8,"minecraft:coal_ore":121,"minecraft:gravel":419,"minecraft:sand":325,"minecraft:dirt":15,"minecraft:gold_ore":3,"minecraft:oak_leaves":8,"minecraft:deepslate":20},"minecraft:dropped":{"minecraft:bread":9,"majruszsaccessories:swimmer_guide":2,"minecraft:cobblestone":18,"minecraft:copper_ingot":58,"tconstruct:plate_leggings":1,"tconstruct:sword":1,"tconstruct:plate_helmet":1,"tconstruct:plate_boots":1,"tconstruct:pickaxe":2,"tconstruct:plate_chestplate":1},"minecraft:picked_up":{"minecraft:crafting_table":7,"minecraft:wheat":9,"minecraft:chicken":3,"minecraft:azure_bluet":2,"minecraft:clay_ball":304,"majruszsaccessories:swimmer_guide":2,"minecraft:cornflower":2,"minecraft:string":5,"minecraft:raw_copper":305,"minecraft:cobbled_deepslate":18,"minecraft:beef":11,"minecraft:rose_bush":30,"minecraft:poppy":6,"minecraft:sugar_cane":7,"minecraft:chest":4,"minecraft:furnace":1,"minecraft:stick":23,"minecraft:raw_iron":62,"minecraft:copper_ingot":54,"minecraft:spruce_stairs":1,"minecraft:torch":35,"tconstruct:pickaxe":1,"minecraft:porkchop":9,"minecraft:diorite":19,"minecraft:redstone":41,"minecraft:carrot":2,"majruszsaccessories:dream_catcher":1,"minecraft:rotten_flesh":32,"minecraft:hay_block":14,"tconstruct:part_chest":2,"minecraft:mutton":6,"minecraft:white_wool":3,"minecraft:cobblestone":430,"minecraft:oxeye_daisy":4,"minecraft:feather":5,"minecraft:andesite":8,"minecraft:leather":9,"minecraft:golden_leggings":1,"minecraft:potato":4,"minecraft:flint":44,"tconstruct:helmet_plating_cast":1,"minecraft:oak_log":77,"minecraft:yellow_bed":2,"minecraft:gunpowder":4,"minecraft:lapis_lazuli":44,"minecraft:dirt":23,"naturalist:bass":1,"minecraft:apple":4,"minecraft:wheat_seeds":8,"minecraft:raw_gold":14,"naturalist:snail_shell":1,"naturalist:fur":4,"tconstruct:seared_table":1,"minecraft:moss_block":2,"minecraft:oak_planks":4,"minecraft:book":15,"minecraft:pumpkin":19,"minecraft:sweet_berries":79,"minecraft:dandelion":9,"minecraft:gravel":475,"minecraft:sand":325,"minecraft:ink_sac":2,"minecraft:spruce_door":2,"minecraft:spider_eye":3,"biomesoplenty:flowering_oak_sapling":4,"travelersbackpack:white_sleeping_bag":1,"tconstruct:gold_bars":5,"minecraft:slime_ball":4,"minecraft:diamond":3,"minecraft:stone_axe":1,"minecraft:granite":36,"minecraft:bread":20,"minecraft:black_wool":1,"minecraft:oak_sapling":41,"minecraft:coal":132},"minecraft:killed":{"naturalist:lion":2,"minecraft:spider":4,"naturalist:snail":7,"minecraft:chicken":3,"naturalist:bass":1,"minecraft:drowned":1,"minecraft:pig":5,"naturalist:butterfly":2,"minecraft:creeper":4,"minecraft:squid":2,"minecraft:sheep":4,"naturalist:alligator":2,"minecraft:zombie":4,"naturalist:lizard":1,"minecraft:cow":6,"minecraft:enderman":1},"minecraft:broken":{"minecraft:wooden_pickaxe":1,"minecraft:stone_pickaxe":1}},"DataVersion":3465}