{"stats":{"minecraft:crafted":{"tconstruct:cast_chest":1,"tconstruct:pickaxe":5,"tconstruct:pattern":36,"tconstruct:bow_limb":1,"minecraft:oak_planks":284,"minecraft:stone_shovel":1,"tconstruct:part_builder":1,"tconstruct:puny_smelting":1,"minecraft:iron_nugget":9,"tconstruct:chestplate_plating_dummy":1,"tconstruct:shield_core":1,"tconstruct:repair_kit":14,"tconstruct:broad_blade":1,"tconstruct:pick_head":4,"tconstruct:tool_binding":4,"tconstruct:seared_basin":1,"tconstruct:maille":1,"tconstruct:tinker_station":1,"tconstruct:seared_melter":1,"tconstruct:hand_axe":1,"minecraft:glass":5,"tconstruct:boots_plating_dummy":1,"tconstruct:adze_head":2,"tconstruct:plate_chestplate":2,"tconstruct:seared_table":1,"tconstruct:broad_axe_head":1,"minecraft:stone_pickaxe":1,"tconstruct:seared_brick":175,"minecraft:chest":3,"tconstruct:helmet_plating_dummy":1,"tconstruct:copper_can":30,"tconstruct:leggings_plating_dummy":1,"tconstruct:small_axe_head":2,"tconstruct:tough_handle":1,"tconstruct:tough_binding":1,"minecraft:wheat":126,"tconstruct:small_blade":3,"tconstruct:plate_helmet":2,"tconstruct:bow_grip":1,"minecraft:crafting_table":2,"tconstruct:part_chest":1,"minecraft:wooden_pickaxe":1,"tconstruct:tool_handle":9,"minecraft:copper_ingot":122,"tconstruct:hammer_head":1,"minecraft:stone_axe":1,"tconstruct:plate_leggings":2,"tconstruct:pickadze":3,"minecraft:bread":42,"minecraft:air":0,"tconstruct:seared_heater":1,"tconstruct:sword":2,"tconstruct:plate_boots":2,"minecraft:shield":1,"tconstruct:crafting_station":1,"minecraft:stick":96,"minecraft:iron_ingot":20,"minecraft:stone_sword":1,"tconstruct:seared_faucet":3,"tconstruct:seared_bricks":1,"minecraft:torch":84,"tconstruct:large_plate":1,"tconstruct:seared_fuel_gauge":1,"minecraft:clay":50,"tconstruct:grout":400},"minecraft:used":{"minecraft:stone_sword":17,"minecraft:stone_shovel":4,"minecraft:chest":3,"simpletomb:grave_key":14,"minecraft:torch":60,"tconstruct:sword":25,"minecraft:dirt":12,"tconstruct:hand_axe":23,"tconstruct:gold_bars":4,"minecraft:granite":1,"tconstruct:seared_heater":1,"tconstruct:tinker_station":1,"tconstruct:seared_faucet":2,"tconstruct:cast_chest":1,"tconstruct:part_builder":1,"naturalist:bass":1,"minecraft:diorite":3,"minecraft:stone_pickaxe":131,"minecraft:wooden_pickaxe":59,"minecraft:sand":1,"minecraft:crafting_table":4,"tconstruct:seared_basin":1,"minecraft:apple":1,"minecraft:bread":15,"tconstruct:seared_table":2,"tconstruct:part_chest":3,"minecraft:gravel":68,"minecraft:stone_axe":39,"minecraft:cobblestone":38,"tconstruct:seared_melter":1,"tconstruct:crafting_station":1,"minecraft:yellow_bed":2},"minecraft:picked_up":{"minecraft:crafting_table":5,"minecraft:azure_bluet":2,"minecraft:clay_ball":200,"minecraft:cornflower":2,"minecraft:string":2,"minecraft:raw_copper":245,"minecraft:cobbled_deepslate":18,"minecraft:beef":8,"minecraft:poppy":5,"minecraft:chest":2,"minecraft:stick":23,"minecraft:raw_iron":62,"minecraft:copper_ingot":54,"minecraft:torch":8,"tconstruct:pickaxe":1,"minecraft:diorite":19,"minecraft:carrot":2,"minecraft:redstone":41,"minecraft:rotten_flesh":6,"minecraft:hay_block":14,"tconstruct:part_chest":2,"minecraft:cobblestone":394,"minecraft:oxeye_daisy":3,"minecraft:andesite":8,"minecraft:leather":5,"minecraft:golden_leggings":1,"minecraft:flint":31,"tconstruct:helmet_plating_cast":1,"minecraft:oak_log":72,"minecraft:yellow_bed":2,"minecraft:gunpowder":4,"minecraft:lapis_lazuli":44,"minecraft:dirt":22,"naturalist:bass":1,"minecraft:apple":4,"minecraft:wheat_seeds":4,"minecraft:raw_gold":14,"tconstruct:seared_table":1,"minecraft:oak_planks":2,"minecraft:book":12,"minecraft:dandelion":9,"minecraft:gravel":272,"minecraft:sand":214,"minecraft:spider_eye":1,"biomesoplenty:flowering_oak_sapling":3,"tconstruct:gold_bars":5,"minecraft:stone_axe":1,"minecraft:diamond":3,"minecraft:granite":36,"minecraft:bread":20,"minecraft:oak_sapling":37,"minecraft:coal":54},"minecraft:dropped":{"minecraft:bread":9,"minecraft:cobblestone":18,"minecraft:copper_ingot":58,"tconstruct:plate_leggings":1,"tconstruct:sword":1,"tconstruct:plate_helmet":1,"tconstruct:plate_boots":1,"tconstruct:pickaxe":2,"tconstruct:plate_chestplate":1},"minecraft:mined":{"minecraft:deepslate_diamond_ore":3,"minecraft:granite":26,"minecraft:grass_block":3,"tconstruct:part_chest":2,"minecraft:oxeye_daisy":3,"tconstruct:seared_table":1,"minecraft:hay_block":14,"minecraft:tall_seagrass":1,"minecraft:redstone_ore":5,"minecraft:iron_ore":55,"minecraft:andesite":2,"treechop:chopped_log":10,"minecraft:azure_bluet":2,"minecraft:bookshelf":4,"minecraft:deepslate_iron_ore":7,"minecraft:dirt_path":4,"minecraft:stone":320,"minecraft:deepslate_redstone_ore":4,"minecraft:dandelion":12,"minecraft:clay":25,"minecraft:crafting_table":4,"minecraft:cornflower":2,"minecraft:poppy":5,"minecraft:chest":2,"minecraft:copper_ore":65,"minecraft:tall_grass":1,"minecraft:cobblestone":3,"minecraft:lapis_ore":6,"minecraft:deepslate_gold_ore":11,"minecraft:diorite":17,"minecraft:wall_torch":5,"minecraft:deepslate_copper_ore":3,"tconstruct:gold_bars":4,"minecraft:yellow_bed":2,"minecraft:grass":17,"minecraft:coal_ore":54,"minecraft:oak_log":8,"minecraft:gravel":275,"minecraft:sand":214,"minecraft:dirt":15,"minecraft:gold_ore":3,"minecraft:oak_leaves":2,"minecraft:deepslate":20},"minecraft:killed":{"minecraft:spider":2,"naturalist:bass":1,"minecraft:creeper":3,"minecraft:zombie":4,"minecraft:cow":4},"minecraft:broken":{"minecraft:wooden_pickaxe":1,"minecraft:stone_pickaxe":1},"minecraft:custom":{"minecraft:mob_kills":14,"minecraft:interact_with_crafting_table":28,"minecraft:leave_game":1,"minecraft:time_since_death":128688,"minecraft:sprint_one_cm":144786,"minecraft:walk_one_cm":309386,"minecraft:drop":11,"minecraft:talked_to_villager":1,"minecraft:play_time":145157,"minecraft:deaths":1,"minecraft:sneak_time":1193,"minecraft:walk_under_water_one_cm":30095,"minecraft:jump":995,"minecraft:interact_with_blast_furnace":12,"minecraft:walk_on_water_one_cm":12705,"minecraft:total_world_time":145157,"minecraft:interact_with_furnace":46,"minecraft:sleep_in_bed":6,"minecraft:time_since_rest":19048,"minecraft:damage_taken":808,"minecraft:damage_dealt":2288,"minecraft:fly_one_cm":142544,"minecraft:swim_one_cm":9213,"minecraft:open_chest":178,"minecraft:crouch_one_cm":280,"waystones:waystone_activated":1,"minecraft:fall_one_cm":22955}},"DataVersion":3465}