{"stats":{"minecraft:broken":{"minecraft:stone_pickaxe":1,"minecraft:wooden_pickaxe":1},"minecraft:dropped":{"majruszsaccessories:swimmer_guide":2,"tconstruct:plate_leggings":1,"tconstruct:sword":1,"minecraft:cobblestone_stairs":2,"tconstruct:plate_boots":1,"tconstruct:pickaxe":2,"tconstruct:plate_chestplate":1,"minecraft:bread":9,"minecraft:cobblestone":75,"minecraft:copper_ingot":58,"tconstruct:plate_helmet":1,"minecraft:kelp":9,"minecraft:andesite":24},"minecraft:used":{"minecraft:chest":3,"tconstruct:seared_fuel_tank":1,"tconstruct:sword":84,"minecraft:lantern":2,"tconstruct:seared_faucet":8,"minecraft:sweet_berries":2,"tconstruct:smeltery_controller":1,"minecraft:diorite":3,"minecraft:spruce_door":2,"minecraft:stone_pickaxe":131,"minecraft:oak_planks":1,"minecraft:wooden_pickaxe":59,"minecraft:sugar_cane":12,"another_furniture:oak_chair":1,"minecraft:sand":1,"minecraft:bread":46,"minecraft:gravel":68,"tconstruct:crafting_station":3,"tconstruct:plate_shield":3,"minecraft:stone_sword":17,"minecraft:stone_shovel":4,"minecraft:spruce_planks":122,"simpletomb:grave_key":14,"minecraft:torch":130,"tconstruct:seared_drain":2,"minecraft:dirt":24,"tconstruct:hand_axe":170,"tconstruct:seared_bricks":181,"minecraft:granite":1,"tconstruct:gold_bars":4,"tconstruct:seared_heater":3,"tconstruct:tinker_station":3,"minecraft:barrel":7,"tconstruct:cast_chest":4,"tconstruct:part_builder":3,"minecraft:calcite":2,"naturalist:bass":1,"minecraft:cobblestone_stairs":56,"minecraft:cauldron":13,"minecraft:crafting_table":10,"tconstruct:seared_basin":4,"minecraft:spruce_log":11,"minecraft:smoker":4,"minecraft:flower_pot":1,"minecraft:apple":1,"tconstruct:seared_table":6,"tconstruct:part_chest":5,"minecraft:spruce_trapdoor":5,"minecraft:spruce_sapling":40,"minecraft:stone_axe":39,"minecraft:cobblestone":502,"tconstruct:seared_melter":3,"minecraft:yellow_bed":2,"tconstruct:seared_glass":8},"minecraft:picked_up":{"minecraft:wheat":9,"tconstruct:cast_chest":3,"minecraft:flower_pot":1,"minecraft:amethyst_block":64,"minecraft:string":5,"minecraft:raw_copper":345,"minecraft:cobbled_deepslate":775,"minecraft:spruce_planks":2,"tconstruct:shield_core":1,"minecraft:rose_bush":30,"minecraft:calcite":15,"minecraft:furnace":1,"minecraft:stick":52,"minecraft:torch":47,"minecraft:spruce_stairs":1,"minecraft:porkchop":9,"tconstruct:seared_faucet":4,"minecraft:diorite":79,"minecraft:cauldron":3,"majruszsaccessories:dream_catcher":1,"tconstruct:tool_binding":2,"minecraft:rotten_flesh":32,"minecraft:red_tulip":1,"minecraft:cobblestone":1290,"tconstruct:seared_bricks":15,"minecraft:feather":5,"minecraft:andesite":105,"minecraft:golden_leggings":1,"minecraft:potato":4,"minecraft:flint":74,"minecraft:tuff":8,"minecraft:dirt":526,"minecraft:lapis_lazuli":116,"minecraft:bone":9,"minecraft:wheat_seeds":8,"minecraft:raw_gold":32,"tconstruct:seared_table":4,"naturalist:snail_shell":1,"naturalist:fur":4,"minecraft:moss_block":2,"tconstruct:sky_slime_sapling":1,"minecraft:oak_planks":4,"minecraft:sand":505,"minecraft:ink_sac":2,"minecraft:barrel":7,"travelersbackpack:white_sleeping_bag":1,"minecraft:diamond":7,"tconstruct:seared_basin":2,"minecraft:granite":305,"minecraft:bread":20,"minecraft:emerald":6,"minecraft:oak_sapling":41,"minecraft:crafting_table":12,"minecraft:charcoal":2,"tconstruct:crafting_station":2,"minecraft:azure_bluet":2,"minecraft:chicken":3,"minecraft:clay_ball":488,"majruszsaccessories:swimmer_guide":2,"another_furniture:oak_chair":1,"minecraft:cornflower":2,"tconstruct:repair_kit":13,"minecraft:beef":11,"minecraft:poppy":6,"minecraft:sugar_cane":19,"minecraft:chest":4,"minecraft:spruce_trapdoor":2,"minecraft:raw_iron":72,"minecraft:copper_ingot":55,"tconstruct:pickaxe":1,"minecraft:redstone":71,"minecraft:carrot":2,"tconstruct:melting_pan":1,"minecraft:arrow":1,"majruszsaccessories:lucky_rock":1,"tconstruct:tinker_station":2,"minecraft:hay_block":14,"tconstruct:part_chest":4,"minecraft:mutton":6,"minecraft:white_wool":3,"minecraft:oxeye_daisy":4,"tconstruct:part_builder":2,"minecraft:leather":9,"tconstruct:helmet_plating_cast":1,"minecraft:oak_log":77,"tconstruct:tool_handle":3,"minecraft:yellow_bed":2,"minecraft:gunpowder":4,"minecraft:cobblestone_stairs":23,"naturalist:bass":1,"tconstruct:seared_heater":2,"minecraft:apple":4,"minecraft:kelp":201,"tconstruct:sky_slime_grass_seeds":2,"minecraft:book":15,"minecraft:smooth_basalt":6,"minecraft:pumpkin":19,"minecraft:sweet_berries":79,"minecraft:dandelion":9,"minecraft:gravel":679,"minecraft:amethyst_shard":70,"minecraft:spruce_sapling":42,"minecraft:spruce_log":200,"minecraft:spider_eye":3,"minecraft:spruce_door":2,"biomesoplenty:flowering_oak_sapling":4,"tconstruct:gold_bars":5,"minecraft:slime_ball":4,"minecraft:stone_axe":1,"tconstruct:seared_melter":2,"tconstruct:pattern":32,"minecraft:black_wool":1,"minecraft:coal":234},"minecraft:custom":{"minecraft:interact_with_crafting_table":47,"minecraft:open_barrel":11,"minecraft:leave_game":3,"minecraft:time_since_death":373920,"minecraft:sprint_one_cm":672148,"minecraft:damage_blocked_by_shield":195,"minecraft:drop":19,"minecraft:talked_to_villager":3,"minecraft:play_time":390389,"minecraft:deaths":1,"minecraft:jump":2360,"minecraft:walk_on_water_one_cm":54305,"minecraft:interact_with_furnace":83,"minecraft:sleep_in_bed":14,"minecraft:damage_dealt":6805,"minecraft:crouch_one_cm":2855,"waystones:waystone_activated":2,"minecraft:interact_with_smoker":21,"minecraft:mob_kills":52,"minecraft:climb_one_cm":1216,"minecraft:walk_one_cm":1044582,"minecraft:sneak_time":4569,"minecraft:walk_under_water_one_cm":99338,"minecraft:interact_with_blast_furnace":52,"minecraft:total_world_time":390389,"minecraft:pot_flower":1,"minecraft:time_since_rest":21206,"minecraft:damage_taken":1625,"minecraft:damage_absorbed":20,"minecraft:swim_one_cm":96511,"minecraft:fly_one_cm":391216,"minecraft:open_chest":370,"minecraft:fall_one_cm":54854},"minecraft:mined":{"minecraft:spruce_planks":2,"tconstruct:tinker_station":2,"minecraft:cobblestone_stairs":22,"tconstruct:seared_bricks":17,"minecraft:spruce_trapdoor":2,"minecraft:granite":288,"minecraft:budding_amethyst":9,"minecraft:grass_block":20,"tconstruct:part_chest":4,"minecraft:oxeye_daisy":4,"tconstruct:seared_table":4,"minecraft:tall_seagrass":6,"minecraft:iron_ore":55,"minecraft:barrel":7,"minecraft:pumpkin":19,"tconstruct:seared_melter":2,"minecraft:azure_bluet":2,"minecraft:dirt_path":4,"minecraft:deepslate_redstone_ore":4,"tconstruct:part_builder":2,"minecraft:kelp_plant":28,"minecraft:amethyst_cluster":17,"minecraft:clay":99,"minecraft:torch":28,"minecraft:calcite":15,"minecraft:poppy":6,"minecraft:chest":3,"minecraft:cobblestone":104,"minecraft:sugar_cane":14,"minecraft:oak_planks":2,"minecraft:wall_torch":9,"minecraft:amethyst_block":71,"minecraft:cauldron":3,"minecraft:deepslate_copper_ore":3,"minecraft:seagrass":9,"tconstruct:seared_faucet":4,"minecraft:grass":52,"minecraft:oak_log":8,"minecraft:sand":508,"minecraft:dirt":520,"tconstruct:crafting_station":2,"tconstruct:seared_heater":2,"minecraft:smooth_basalt":6,"minecraft:potted_red_tulip":1,"minecraft:oak_leaves":8,"minecraft:deepslate":781,"minecraft:tuff":8,"minecraft:deepslate_diamond_ore":3,"biomesoplenty:bush":1,"minecraft:spruce_leaves":9,"minecraft:kelp":1,"another_furniture:oak_chair":1,"tconstruct:cast_chest":3,"minecraft:hay_block":14,"minecraft:redstone_ore":5,"minecraft:furnace":1,"minecraft:andesite":90,"treechop:chopped_log":31,"minecraft:bookshelf":4,"minecraft:deepslate_iron_ore":11,"minecraft:stone":1019,"minecraft:spruce_door":2,"minecraft:dandelion":12,"minecraft:crafting_table":11,"minecraft:cornflower":2,"tconstruct:seared_basin":2,"minecraft:rose_bush":34,"minecraft:campfire":1,"minecraft:tall_grass":1,"minecraft:copper_ore":91,"minecraft:lapis_ore":12,"minecraft:deepslate_gold_ore":17,"minecraft:diorite":77,"minecraft:spruce_stairs":1,"tconstruct:gold_bars":4,"minecraft:yellow_bed":2,"minecraft:coal_ore":177,"minecraft:gravel":652,"minecraft:gold_ore":9},"minecraft:killed":{"minecraft:spider":4,"naturalist:snail":7,"minecraft:skeleton":2,"minecraft:chicken":3,"minecraft:pig":5,"minecraft:creeper":4,"minecraft:sheep":4,"naturalist:alligator":2,"minecraft:zombie":4,"minecraft:cow":6,"naturalist:lion":2,"naturalist:bass":1,"minecraft:drowned":1,"naturalist:butterfly":2,"minecraft:squid":2,"naturalist:lizard":1,"minecraft:enderman":1},"minecraft:crafted":{"tconstruct:cast_chest":1,"minecraft:oak_planks":332,"tconstruct:puny_smelting":1,"tconstruct:chestplate_plating_dummy":1,"tconstruct:shield_core":1,"tconstruct:broad_blade":1,"tconstruct:pick_head":4,"minecraft:cobblestone_stairs":72,"tconstruct:tool_binding":4,"tconstruct:maille":1,"tconstruct:seared_melter":1,"tconstruct:hand_axe":2,"minecraft:glass":54,"tconstruct:adze_head":2,"tconstruct:plate_chestplate":2,"tconstruct:broad_axe_head":1,"tconstruct:seared_brick":729,"minecraft:chest":3,"tconstruct:seared_fuel_tank":1,"tconstruct:small_axe_head":2,"minecraft:dried_kelp_block":21,"tconstruct:seared_glass":11,"tconstruct:tough_handle":1,"minecraft:smoker":6,"tconstruct:tough_binding":1,"tconstruct:small_blade":3,"tconstruct:plate_helmet":2,"minecraft:cauldron":10,"minecraft:cooked_porkchop":9,"minecraft:crafting_table":2,"minecraft:spruce_planks":164,"minecraft:wooden_pickaxe":1,"travelersbackpack:standard":1,"tconstruct:tool_handle":10,"minecraft:copper_ingot":151,"tconstruct:plate_leggings":2,"tconstruct:sword":3,"tconstruct:plate_boots":2,"minecraft:charcoal":37,"minecraft:shield":1,"minecraft:stick":148,"minecraft:iron_ingot":42,"minecraft:stone_sword":1,"tconstruct:seared_bricks":175,"tconstruct:large_plate":1,"tconstruct:seared_fuel_gauge":1,"tconstruct:pickaxe":17,"tconstruct:pattern":72,"tconstruct:bow_limb":1,"minecraft:stone_shovel":1,"tconstruct:part_builder":2,"minecraft:iron_nugget":27,"tconstruct:repair_kit":28,"minecraft:furnace":8,"tconstruct:seared_basin":1,"tconstruct:tinker_station":1,"tconstruct:boots_plating_dummy":1,"tconstruct:seared_table":1,"minecraft:stone_pickaxe":1,"tconstruct:helmet_plating_dummy":1,"tconstruct:copper_can":30,"tconstruct:leggings_plating_dummy":1,"minecraft:wheat":126,"tconstruct:bow_grip":1,"travelersbackpack:backpack_tank":2,"tconstruct:part_chest":1,"minecraft:dried_kelp":192,"tconstruct:hammer_head":1,"minecraft:stone_axe":1,"tconstruct:seared_drain":2,"tconstruct:pickadze":15,"minecraft:bread":42,"minecraft:air":0,"tconstruct:seared_heater":1,"tconstruct:crafting_station":1,"minecraft:writable_book":2,"tconstruct:seared_faucet":3,"minecraft:torch":132,"minecraft:clay":122,"tconstruct:grout":960}},"DataVersion":3465}