{"stats":{"minecraft:killed":{"naturalist:zebra":3,"minecraft:zombified_piglin":1,"minecraft:spider":10,"naturalist:boar":18,"naturalist:snail":7,"minecraft:skeleton":10,"minecraft:chicken":5,"minecraft:magma_cube":115,"minecraft:piglin":14,"minecraft:pig":5,"minecraft:zombie_villager":2,"naturalist:snake":1,"minecraft:creeper":8,"naturalist:rhino":8,"minecraft:sheep":5,"naturalist:alligator":2,"minecraft:donkey":2,"minecraft:zombie":29,"minecraft:cow":8,"naturalist:lion":7,"minecraft:horse":4,"naturalist:deer":6,"naturalist:bass":1,"minecraft:drowned":1,"naturalist:cardinal":7,"naturalist:giraffe":10,"naturalist:butterfly":2,"minecraft:hoglin":25,"minecraft:squid":6,"naturalist:finch":1,"naturalist:lizard":2,"naturalist:sparrow":2,"minecraft:enderman":1},"minecraft:picked_up":{"minecraft:music_disc_strad":1,"biomesoplenty:burning_blossom":1,"minecraft:wheat":11,"tconstruct:cast_chest":3,"minecraft:flower_pot":2,"minecraft:yellow_wool":6,"crittersandcompanions:silk_cocoon":3,"minecraft:golden_sword":4,"minecraft:amethyst_block":64,"minecraft:string":9,"minecraft:raw_copper":365,"tconstruct:hand_axe":1,"minecraft:zombie_head":2,"minecraft:shroomlight":3,"majruszsaccessories:discount_voucher":3,"minecraft:gold_nugget":342,"minecraft:cobbled_deepslate":3722,"minecraft:spruce_planks":11,"tconstruct:shield_core":1,"minecraft:rose_bush":30,"minecraft:calcite":15,"minecraft:furnace":11,"minecraft:stick":118,"minecraft:composter":1,"minecraft:torch":129,"minecraft:spruce_stairs":2,"minecraft:porkchop":73,"tconstruct:seared_faucet":5,"minecraft:pointed_dripstone":3,"minecraft:diorite":79,"minecraft:cauldron":3,"majruszsaccessories:dream_catcher":2,"tconstruct:tool_binding":2,"minecraft:cactus":1,"minecraft:rotten_flesh":60,"minecraft:red_tulip":1,"minecraft:obsidian":139,"minecraft:iron_bars":2,"minecraft:cobblestone":1679,"biomesoplenty:lavender":1,"tconstruct:seared_bricks":15,"minecraft:magma_block":318,"minecraft:feather":22,"minecraft:magma_cream":20,"minecraft:andesite":105,"minecraft:golden_leggings":1,"minecraft:potato":23,"minecraft:flint":102,"minecraft:tuff":285,"minecraft:lapis_lazuli":238,"minecraft:dirt":605,"minecraft:lantern":6,"minecraft:bone":43,"minecraft:wheat_seeds":42,"minecraft:raw_gold":130,"tconstruct:seared_table":4,"minecraft:bamboo":77,"naturalist:snail_shell":1,"minecraft:moss_block":2,"naturalist:fur":12,"tconstruct:sky_slime_sapling":2,"minecraft:oak_planks":4,"minecraft:honeycomb":3,"minecraft:cooked_porkchop":37,"minecraft:sand":505,"minecraft:ink_sac":9,"minecraft:barrel":7,"travelersbackpack:white_sleeping_bag":1,"minecraft:diamond":45,"tconstruct:seared_basin":2,"minecraft:lever":4,"waystones:waystone":2,"minecraft:writable_book":2,"minecraft:granite":370,"minecraft:grass":2,"tconstruct:tinkers_chest":1,"minecraft:emerald":15,"minecraft:bread":27,"minecraft:oak_sapling":52,"minecraft:netherrack":1357,"minecraft:oak_leaves":49,"minecraft:crimson_roots":17,"minecraft:charcoal":4,"tconstruct:crafting_station":2,"minecraft:crafting_table":19,"minecraft:azure_bluet":2,"minecraft:chicken":6,"minecraft:clay_ball":504,"naturalist:venison":10,"tconstruct:materials_and_you":1,"tconstruct:tinkers_anvil":1,"minecraft:gold_block":16,"majruszsaccessories:swimmer_guide":2,"another_furniture:oak_chair":1,"minecraft:cornflower":9,"minecraft:netherite_scrap":3,"tconstruct:copper_can":30,"tconstruct:repair_kit":14,"minecraft:blackstone":2,"naturalist:bushmeat":31,"minecraft:beef":15,"cold_sweat:soul_sprout":9,"minecraft:poppy":12,"minecraft:sugar_cane":27,"minecraft:chest":7,"minecraft:spruce_trapdoor":2,"minecraft:egg":3,"minecraft:raw_iron":101,"tconstruct:raw_cobalt":33,"cold_sweat:hoglin_hide":49,"minecraft:copper_ingot":55,"tconstruct:pickaxe":2,"tconstruct:earth_slime_grass_seeds":3,"minecraft:redstone":955,"minecraft:carrot":17,"minecraft:weeping_vines":2,"minecraft:beetroot_seeds":3,"tconstruct:melting_pan":1,"minecraft:arrow":10,"majruszsaccessories:lucky_rock":4,"tconstruct:tinker_station":2,"minecraft:hay_block":39,"tconstruct:part_chest":4,"minecraft:mutton":8,"minecraft:white_wool":9,"minecraft:oxeye_daisy":4,"minecraft:golden_carrot":9,"minecraft:crimson_stem":5,"tconstruct:part_builder":4,"minecraft:leather":70,"minecraft:crimson_fungus":1,"tconstruct:helmet_plating_cast":1,"minecraft:oak_log":92,"minecraft:nether_wart_block":66,"tconstruct:tool_handle":3,"minecraft:yellow_bed":8,"minecraft:gunpowder":14,"minecraft:cobblestone_stairs":23,"tconstruct:sky_slime_crystal_block":63,"minecraft:piglin_head":1,"naturalist:bass":1,"minecraft:apple":15,"tconstruct:seared_heater":2,"minecraft:kelp":201,"tconstruct:sky_slime_grass_seeds":15,"minecraft:iron_ingot":24,"minecraft:soul_sand":195,"minecraft:book":15,"minecraft:smooth_basalt":6,"minecraft:pumpkin":19,"minecraft:sweet_berries":79,"minecraft:quartz":334,"minecraft:dandelion":14,"minecraft:gravel":1030,"minecraft:amethyst_shard":70,"minecraft:spruce_sapling":118,"minecraft:white_bed":2,"minecraft:spruce_log":891,"minecraft:crying_obsidian":3,"minecraft:spruce_door":2,"minecraft:spider_eye":5,"biomesoplenty:flowering_oak_sapling":4,"tconstruct:gold_bars":8,"minecraft:slime_ball":4,"minecraft:stone_axe":1,"tconstruct:seared_melter":2,"tconstruct:pattern":34,"minecraft:black_wool":1,"minecraft:coal":376},"minecraft:broken":{"minecraft:stone_pickaxe":1,"minecraft:wooden_pickaxe":1},"minecraft:dropped":{"majruszsaccessories:swimmer_guide":2,"tconstruct:plate_leggings":1,"tconstruct:sword":1,"minecraft:cobblestone_stairs":2,"minecraft:cornflower":1,"minecraft:crimson_roots":1,"tconstruct:plate_boots":1,"tconstruct:pickaxe":3,"minecraft:cobbled_deepslate":2422,"minecraft:gunpowder":1,"tconstruct:plate_chestplate":1,"majruszsaccessories:lucky_rock":3,"minecraft:netherrack":208,"minecraft:bread":9,"minecraft:wheat_seeds":1,"majruszsaccessories:discount_voucher":2,"minecraft:cobblestone":133,"minecraft:copper_ingot":60,"tconstruct:hand_axe":1,"tconstruct:plate_helmet":1,"minecraft:lapis_block":2,"minecraft:kelp":9,"minecraft:tuff":149,"minecraft:andesite":24,"minecraft:golden_sword":4,"tconstruct:plate_shield":1},"minecraft:crafted":{"tconstruct:cast_chest":1,"minecraft:smooth_stone":16,"minecraft:oak_planks":352,"minecraft:barrel":2,"tconstruct:puny_smelting":1,"tconstruct:chestplate_plating_dummy":1,"tconstruct:fantastic_foundry":1,"tconstruct:shield_core":3,"minecraft:chain":64,"tconstruct:broad_blade":2,"minecraft:stone":16,"minecraft:cobblestone_stairs":72,"tconstruct:pick_head":4,"tconstruct:tool_binding":4,"tconstruct:maille":1,"tconstruct:seared_melter":1,"tconstruct:hand_axe":3,"cold_sweat:hoglin_trousers":2,"minecraft:glass":54,"tconstruct:adze_head":2,"cold_sweat:hoglin_tunic":2,"tconstruct:plate_chestplate":8,"tconstruct:tinkers_chest":1,"tconstruct:broad_axe_head":1,"tconstruct:seared_brick":729,"minecraft:chest":4,"tconstruct:seared_fuel_tank":1,"tconstruct:small_axe_head":2,"minecraft:dried_kelp_block":21,"tconstruct:seared_glass":11,"tconstruct:tough_handle":2,"minecraft:smoker":6,"tconstruct:tough_binding":1,"tconstruct:small_blade":3,"tconstruct:plate_helmet":8,"travelersbackpack:iron_tier_upgrade":1,"minecraft:cauldron":10,"minecraft:cooked_porkchop":73,"minecraft:crafting_table":2,"minecraft:spruce_planks":504,"minecraft:wooden_pickaxe":1,"travelersbackpack:standard":4,"tconstruct:scorched_brick":367,"tconstruct:tool_handle":10,"minecraft:copper_ingot":261,"minecraft:campfire":10,"tconstruct:scorched_alloyer":1,"tconstruct:plate_leggings":8,"tconstruct:sword":3,"tconstruct:plate_boots":8,"cold_sweat:hoglin_hooves":2,"minecraft:charcoal":293,"minecraft:shield":1,"minecraft:stick":536,"minecraft:iron_ingot":51,"minecraft:stone_sword":1,"minecraft:gold_ingot":208,"tconstruct:seared_bricks":175,"tconstruct:cleaver":4,"tconstruct:large_plate":1,"minecraft:shears":1,"tconstruct:seared_fuel_gauge":1,"minecraft:golden_carrot":28,"tconstruct:pickaxe":52,"tconstruct:pattern":273,"tconstruct:bow_limb":1,"minecraft:stone_shovel":1,"minecraft:smooth_stone_slab":30,"tconstruct:part_builder":2,"minecraft:iron_nugget":270,"minecraft:furnace":9,"tconstruct:repair_kit":30,"tconstruct:seared_basin":1,"minecraft:bone_meal":102,"travelersbackpack:blank_upgrade":8,"travelersbackpack:gold_tier_upgrade":1,"minecraft:flint_and_steel":1,"tconstruct:tinker_station":1,"minecraft:lantern":11,"tconstruct:boots_plating_dummy":1,"tconstruct:seared_table":1,"minecraft:stone_pickaxe":1,"tconstruct:helmet_plating_dummy":1,"tconstruct:copper_can":30,"tconstruct:leggings_plating_dummy":1,"minecraft:redstone_block":44,"tconstruct:plate_shield":2,"tconstruct:scorched_basin":1,"tconstruct:scorched_ingot_gauge":1,"travelersbackpack:diamond_tier_upgrade":1,"minecraft:wheat":126,"minecraft:cooked_beef":21,"tconstruct:bow_grip":1,"tconstruct:nether_grout":368,"cold_sweat:hoglin_headpiece":2,"tconstruct:part_chest":1,"travelersbackpack:backpack_tank":2,"minecraft:dried_kelp":192,"tconstruct:hammer_head":1,"minecraft:stone_axe":1,"tconstruct:seared_drain":2,"tconstruct:scorched_table":1,"tconstruct:pickadze":21,"minecraft:bread":42,"minecraft:air":52,"tconstruct:seared_heater":1,"tconstruct:scorched_faucet":6,"minecraft:gold_nugget":450,"tconstruct:crafting_station":1,"minecraft:writable_book":9,"tconstruct:seared_faucet":3,"minecraft:armor_stand":26,"minecraft:torch":188,"minecraft:lapis_block":5,"minecraft:lapis_lazuli":9,"minecraft:clay":126,"tconstruct:grout":960},"minecraft:used":{"minecraft:poppy":6,"minecraft:chest":5,"tconstruct:seared_fuel_tank":1,"tconstruct:sword":197,"minecraft:soul_sand":9,"minecraft:obsidian":10,"minecraft:lava_bucket":10,"minecraft:lantern":12,"tconstruct:seared_faucet":8,"tconstruct:tinkers_anvil":2,"minecraft:sweet_berries":2,"minecraft:furnace":10,"tconstruct:plate_chestplate":1,"tconstruct:smeltery_controller":1,"minecraft:diorite":3,"minecraft:spruce_door":2,"minecraft:stone_pickaxe":131,"minecraft:oak_planks":1,"minecraft:wooden_pickaxe":59,"minecraft:composter":1,"minecraft:sugar_cane":44,"minecraft:oak_leaves":2,"another_furniture:oak_chair":1,"tconstruct:scorched_ingot_tank":3,"minecraft:sand":1,"minecraft:blast_furnace":3,"minecraft:shears":62,"tconstruct:scorched_table":1,"cold_sweat:hoglin_tunic":1,"minecraft:lever":6,"cold_sweat:hoglin_trousers":1,"minecraft:bread":58,"tconstruct:scorched_faucet":1,"minecraft:gravel":68,"tconstruct:tinkers_chest":2,"tconstruct:crafting_station":3,"minecraft:bone_meal":50,"tconstruct:plate_shield":32,"minecraft:stone_sword":17,"minecraft:flint_and_steel":1,"cold_sweat:soul_sprout":9,"minecraft:armor_stand":3,"minecraft:stone_shovel":4,"minecraft:spruce_planks":142,"tconstruct:pickaxe":104,"minecraft:netherrack":31,"simpletomb:grave_key":27,"tconstruct:seared_drain":2,"minecraft:torch":241,"tconstruct:scorched_bricks":80,"minecraft:dirt":30,"minecraft:spruce_stairs":16,"tconstruct:hand_axe":281,"tconstruct:seared_bricks":181,"minecraft:granite":1,"tconstruct:gold_bars":4,"tconstruct:seared_heater":3,"tconstruct:tinker_station":3,"minecraft:barrel":9,"tconstruct:scorched_basin":1,"minecraft:bamboo":9,"minecraft:golden_carrot":6,"tconstruct:cast_chest":4,"tconstruct:part_builder":5,"minecraft:cobbled_deepslate":180,"minecraft:pointed_dripstone":13,"minecraft:calcite":2,"naturalist:bass":1,"minecraft:water_bucket":53,"minecraft:cobblestone_stairs":56,"tconstruct:scorched_alloyer":1,"minecraft:cauldron":13,"minecraft:crafting_table":16,"minecraft:white_bed":3,"minecraft:campfire":6,"tconstruct:seared_basin":4,"minecraft:piglin_head":1,"minecraft:spruce_log":52,"minecraft:smoker":4,"minecraft:flower_pot":2,"minecraft:apple":1,"tconstruct:seared_table":6,"tconstruct:part_chest":5,"tconstruct:plate_boots":3,"minecraft:spruce_trapdoor":5,"minecraft:spruce_sapling":92,"minecraft:stone_axe":39,"minecraft:cobblestone":576,"tconstruct:seared_melter":3,"minecraft:cooked_porkchop":32,"tconstruct:cleaver":363,"minecraft:bucket":76,"minecraft:pumpkin_pie":39,"minecraft:yellow_bed":2,"minecraft:dandelion":5,"tconstruct:seared_glass":8},"minecraft:mined":{"minecraft:spruce_planks":11,"minecraft:white_bed":2,"tconstruct:tinker_station":2,"minecraft:cobblestone_stairs":22,"minecraft:potted_cactus":1,"tconstruct:seared_bricks":17,"minecraft:obsidian":65,"minecraft:spruce_trapdoor":2,"minecraft:granite":353,"minecraft:budding_amethyst":9,"minecraft:grass_block":52,"biomesoplenty:flowering_oak_leaves":1,"tconstruct:part_chest":4,"minecraft:composter":1,"minecraft:crimson_fungus":1,"minecraft:oxeye_daisy":4,"minecraft:spawner":2,"tconstruct:seared_table":4,"minecraft:weeping_vines_plant":2,"minecraft:polished_blackstone_bricks":1,"minecraft:tall_seagrass":6,"minecraft:magma_block":352,"minecraft:fire":34,"minecraft:iron_ore":55,"minecraft:cobbled_deepslate":20,"minecraft:barrel":7,"biomesoplenty:lavender":1,"tconstruct:cobalt_ore":24,"minecraft:pumpkin":19,"tconstruct:seared_melter":2,"minecraft:azure_bluet":2,"tconstruct:tinkers_chest":1,"minecraft:dirt_path":4,"minecraft:deepslate_redstone_ore":173,"tconstruct:part_builder":4,"minecraft:blackstone":2,"minecraft:crimson_nylium":21,"minecraft:kelp_plant":28,"minecraft:amethyst_cluster":17,"tconstruct:tinkers_anvil":1,"minecraft:clay":103,"minecraft:torch":39,"minecraft:calcite":15,"minecraft:poppy":12,"minecraft:chest":6,"minecraft:nether_quartz_ore":233,"minecraft:cobblestone":147,"minecraft:sugar_cane":19,"minecraft:oak_planks":2,"minecraft:wall_torch":54,"minecraft:amethyst_block":71,"minecraft:cauldron":3,"minecraft:deepslate_copper_ore":3,"minecraft:seagrass":14,"tconstruct:seared_faucet":4,"minecraft:yellow_wool":6,"minecraft:wheat":24,"minecraft:grass":69,"minecraft:oak_log":8,"minecraft:beetroots":3,"minecraft:sand":508,"minecraft:dirt":569,"tconstruct:crafting_station":2,"tconstruct:seared_heater":2,"minecraft:smooth_basalt":6,"minecraft:potted_red_tulip":1,"minecraft:netherrack":1630,"minecraft:oak_leaves":61,"minecraft:deepslate":3719,"minecraft:nether_gold_ore":30,"minecraft:tuff":283,"minecraft:deepslate_diamond_ore":26,"cold_sweat:soul_stalk":3,"minecraft:glow_lichen":1,"minecraft:lever":4,"biomesoplenty:bush":1,"minecraft:crimson_roots":12,"minecraft:spruce_leaves":10,"biomesoplenty:dead_grass":5,"minecraft:kelp":1,"another_furniture:oak_chair":1,"tconstruct:cast_chest":3,"minecraft:hay_block":34,"minecraft:redstone_ore":5,"minecraft:furnace":11,"minecraft:carrots":17,"minecraft:andesite":90,"treechop:chopped_log":44,"minecraft:gold_block":16,"minecraft:shroomlight":1,"minecraft:potatoes":8,"minecraft:bookshelf":4,"minecraft:deepslate_iron_ore":11,"minecraft:lantern":5,"crittersandcompanions:silk_cocoon":3,"minecraft:bamboo":6,"minecraft:stone":1376,"minecraft:white_wool":6,"minecraft:podzol":4,"minecraft:soul_sand":195,"minecraft:dandelion":17,"minecraft:spruce_door":2,"minecraft:crafting_table":17,"minecraft:cornflower":9,"tconstruct:seared_basin":2,"minecraft:rose_bush":34,"minecraft:campfire":2,"minecraft:tall_grass":6,"minecraft:copper_ore":91,"biomesoplenty:sprout":9,"minecraft:deepslate_gold_ore":61,"minecraft:lapis_ore":12,"minecraft:diorite":77,"minecraft:spruce_stairs":2,"tconstruct:gold_bars":4,"minecraft:birch_leaves":2,"minecraft:spruce_log":9,"minecraft:yellow_bed":8,"minecraft:coal_ore":177,"minecraft:gravel":1047,"minecraft:gold_ore":9},"minecraft:custom":{"minecraft:interact_with_crafting_table":80,"minecraft:open_barrel":204,"minecraft:bell_ring":1,"minecraft:leave_game":5,"minecraft:time_since_death":107999,"minecraft:damage_resisted":8,"minecraft:sprint_one_cm":1893060,"minecraft:damage_blocked_by_shield":1800,"minecraft:drop":86,"minecraft:talked_to_villager":5,"minecraft:play_time":963283,"minecraft:deaths":5,"minecraft:jump":6999,"minecraft:walk_on_water_one_cm":100503,"minecraft:interact_with_furnace":128,"minecraft:sleep_in_bed":29,"minecraft:damage_dealt":42120,"minecraft:crouch_one_cm":6129,"waystones:waystone_activated":2,"minecraft:interact_with_smoker":31,"minecraft:use_cauldron":1,"minecraft:interact_with_smithing_table":6,"minecraft:mob_kills":332,"minecraft:climb_one_cm":2287,"minecraft:walk_one_cm":2366099,"minecraft:sneak_time":6768,"minecraft:walk_under_water_one_cm":126824,"minecraft:interact_with_blast_furnace":80,"minecraft:total_world_time":963283,"minecraft:pot_flower":2,"minecraft:time_since_rest":108054,"minecraft:damage_taken":7083,"minecraft:damage_absorbed":50,"minecraft:swim_one_cm":154226,"minecraft:fly_one_cm":1240085,"minecraft:open_chest":647,"minecraft:fall_one_cm":168598}},"DataVersion":3465}